0,1,2,3,4,5,6,source_pdf
222,02-01-2025,02-01-2025,IMPUESTO DECRETO,600.00,,"10,185,918.26",01-Enero.pdf
223,02-01-2025,02-01-2025,CAR DOMI TRA1030673038,"150,000.00",,"10,035,918.26",01-Enero.pdf
224,02-01-2025,02-01-2025,DEV CAR TRATRANSFERE,,"150,000.00","10,185,918.26",01-Enero.pdf
225,03-01-2025,03-01-2025,IMPUESTO DECRETO,280.00,,"10,185,638.26",01-Enero.pdf
226,03-01-2025,03-01-2025,COMPRA POS ASC MISTER POMPY MANI,"69,900.00",,"10,115,738.26",01-Enero.pdf
227,06-01-2025,07-01-2025,IMPUESTO DECRETO,19.00,,"10,115,719.26",01-Enero.pdf
228,06-01-2025,07-01-2025,COMPRA POS RED SR BONO TERMINAL,"4,700.00",,"10,111,019.26",01-Enero.pdf
229,07-01-2025,07-01-2025,IMPUESTO DECRETO,1.00,,"10,111,018.26",01-Enero.pdf
230,07-01-2025,07-01-2025,COMPRA POS ASC TAXIS LIBRES,233.00,,"10,110,785.26",01-Enero.pdf
231,07-01-2025,07-01-2025,ANU. COM DECRETO,,1.00,"10,110,786.26",01-Enero.pdf
232,07-01-2025,07-01-2025,REVERSO COMPRA POS,,233.00,"10,111,019.26",01-Enero.pdf
233,07-01-2025,07-01-2025,IMPUESTO DECRETO,85.00,,"10,110,934.26",01-Enero.pdf
234,07-01-2025,07-01-2025,COMPRA POS RED TAXIS LIBRES BOGO,"21,300.00",,"10,089,634.26",01-Enero.pdf
235,08-01-2025,08-01-2025,IMPUESTO DECRETO,22.00,,"10,089,612.26",01-Enero.pdf
236,08-01-2025,08-01-2025,COMPRA POS ASC ALIEXPRESS COM,"5,425.27",,"10,084,186.99",01-Enero.pdf
237,10-01-2025,10-01-2025,IMPUESTO DECRETO,200.00,,"10,083,986.99",01-Enero.pdf
238,10-01-2025,10-01-2025,RETIRO CAJERO BBVA BARRIO RESTREPO,"50,000.00",,"10,033,986.99",01-Enero.pdf
239,10-01-2025,10-01-2025,IMPUESTO DECRETO,407.00,,"10,033,579.99",01-Enero.pdf
240,10-01-2025,10-01-2025,COMPRA POS ASC NOTAR,"101,860.00",,"9,931,719.99",01-Enero.pdf
241,11-01-2025,13-01-2025,IMPUESTO DECRETO,65.00,,"9,931,654.99",01-Enero.pdf
242,11-01-2025,13-01-2025,COMPRA POS RED H13 CREPESYWAFFLE,"16,200.00",,"9,915,454.99",01-Enero.pdf
243,12-01-2025,13-01-2025,IMPUESTO DECRETO,239.00,,"9,915,215.99",01-Enero.pdf
244,12-01-2025,13-01-2025,COMPRA POS ASC KFC 7-17,"59,800.00",,"9,855,415.99",01-Enero.pdf
245,13-01-2025,13-01-2025,IMPUESTO DECRETO,196.00,,"9,855,219.99",01-Enero.pdf
246,13-01-2025,13-01-2025,COMPRA POS ASC CENTRO COLOMBO AM,"49,000.00",,"9,806,219.99",01-Enero.pdf
247,14-01-2025,14-01-2025,IMPUESTO DECRETO,400.00,,"9,805,819.99",01-Enero.pdf
248,14-01-2025,14-01-2025,RETIRO CAJERO BBVA BARRIO RESTREPO,"100,000.00",,"9,705,819.99",01-Enero.pdf
249,14-01-2025,14-01-2025,IMPUESTO DECRETO,209.00,,"9,705,610.99",01-Enero.pdf
250,14-01-2025,14-01-2025,COMPRA POS ASC JUAN VALDEZ PLAZA,"52,300.00",,"9,653,310.99",01-Enero.pdf
251,14-01-2025,14-01-2025,ANU. COM DECRETO,,209.00,"9,653,519.99",01-Enero.pdf
252,14-01-2025,14-01-2025,REVERSO COMPRA POS,,"52,300.00","9,705,819.99",01-Enero.pdf
253,14-01-2025,14-01-2025,IMPUESTO DECRETO,209.00,,"9,705,610.99",01-Enero.pdf
254,14-01-2025,14-01-2025,COMPRA POS ASC JUAN VALDEZ PLAZA,"52,300.00",,"9,653,310.99",01-Enero.pdf
255,14-01-2025,14-01-2025,IMPUESTO DECRETO,184.00,,"9,653,126.99",01-Enero.pdf
256,14-01-2025,14-01-2025,COMPRA POS ASC SANDWICH SALSA DE,"46,000.00",,"9,607,126.99",01-Enero.pdf
257,15-01-2025,15-01-2025,IMPUESTO DECRETO,50.00,,"9,607,076.99",01-Enero.pdf
258,15-01-2025,15-01-2025,COMPRA POS ASC OXXO SANTA MATILD,"12,400.00",,"9,594,676.99",01-Enero.pdf
259,17-01-2025,20-01-2025,IMPUESTO DECRETO,110.00,,"9,594,566.99",01-Enero.pdf
260,17-01-2025,20-01-2025,COMPRA POS ASC aliexpress,"27,416.94",,"9,567,150.05",01-Enero.pdf
261,18-01-2025,20-01-2025,IMPUESTO DECRETO,943.00,,"9,566,207.05",01-Enero.pdf
262,18-01-2025,20-01-2025,COMPRA POS RED CALENTAO DE LA OC,"235,800.00",,"9,330,407.05",01-Enero.pdf
263,18-01-2025,20-01-2025,IMPUESTO DECRETO,34.00,,"9,330,373.05",01-Enero.pdf
264,18-01-2025,20-01-2025,COMPRA POS ASC CRUZ VERDE ACUNA,"8,400.00",,"9,321,973.05",01-Enero.pdf
265,20-01-2025,20-01-2025,IMPUESTO DECRETO,282.00,,"9,321,691.05",01-Enero.pdf
266,20-01-2025,20-01-2025,COMPRA POS ASC ALIEXPRESS COM,"70,376.85",,"9,251,314.20",01-Enero.pdf
267,21-01-2025,21-01-2025,IMPUESTO DECRETO,335.00,,"9,250,979.20",01-Enero.pdf
268,21-01-2025,21-01-2025,COMPRA POS ASC HAMBURGUESAS EL C,"83,800.00",,"9,167,179.20",01-Enero.pdf
269,26-01-2025,27-01-2025,IMPUESTO DECRETO,862.00,,"9,166,317.20",01-Enero.pdf
270,26-01-2025,27-01-2025,PAGO ENLACE DE APLICATIVO,"215,390.00",,"8,950,927.20",01-Enero.pdf
271,26-01-2025,27-01-2025,IMPUESTO DECRETO,218.00,,"8,950,709.20",01-Enero.pdf
272,26-01-2025,27-01-2025,COMPRA POS ASC VARIETALE,"54,411.00",,"8,896,298.20",01-Enero.pdf
273,26-01-2025,27-01-2025,IMPUESTO DECRETO,161.00,,"8,896,137.20",01-Enero.pdf
274,26-01-2025,27-01-2025,COMPRA POS RED TIENDA D1 TIBANA,"40,240.00",,"8,855,897.20",01-Enero.pdf
275,27-01-2025,27-01-2025,IMPUESTO DECRETO,200.00,,"8,855,697.20",01-Enero.pdf
276,27-01-2025,27-01-2025,RETIRO CAJERO BBVA BARRIO RESTREPO,"50,000.00",,"8,805,697.20",01-Enero.pdf
277,28-01-2025,28-01-2025,IMPUESTO DECRETO,29.00,,"8,805,668.20",01-Enero.pdf
278,28-01-2025,28-01-2025,COMPRA POS ASC OXXO SANTA MATILD,"7,150.00",,"8,798,518.20",01-Enero.pdf
279,30-01-2025,30-01-2025,ABONO DOMI. 860031028 CENTRO CORPORATIVO,,"3,616,378.00","12,414,896.20",01-Enero.pdf
280,30-01-2025,30-01-2025,IMPUESTO DECRETO,800.00,,"12,414,096.20",01-Enero.pdf
281,30-01-2025,30-01-2025,PAGO PSE COMERCIO O FACTURA ENLACE DE APLICATIVO,"200,000.00",,"12,214,096.20",01-Enero.pdf
282,30-01-2025,31-01-2025,IMPUESTO DECRETO,134.00,,"12,213,962.20",01-Enero.pdf
283,30-01-2025,31-01-2025,COMPRA POS ASC ALIEXPRESS COM,"33,380.01",,"12,180,582.19",01-Enero.pdf
284,31-01-2025,31-01-2025,ABONO INTERESES GANADOS,,98.00,"12,180,680.19",01-Enero.pdf
285,01-02-2025,03-02-2025,IMPUESTO DECRETO,400.00,,"12,180,280.19",02-Febrero.pdf
286,01-02-2025,03-02-2025,RETIRO CAJERO BBVA BARRIO RESTREPO,"100,000.00",,"12,080,280.19",02-Febrero.pdf
287,01-02-2025,03-02-2025,IMPUESTO DECRETO,13.00,,"12,080,267.19",02-Febrero.pdf
288,01-02-2025,03-02-2025,COMPRA SEGURO DE HURTO ATM BARRIO RESTREPO,"3,350.00",,"12,076,917.19",02-Febrero.pdf
289,02-02-2025,03-02-2025,IMPUESTO DECRETO,160.00,,"12,076,757.19",02-Febrero.pdf
290,02-02-2025,03-02-2025,COMPRA POS ASC CAPCUT,"39,900.00",,"12,036,857.19",02-Febrero.pdf
291,03-02-2025,03-02-2025,IMPUESTO DECRETO,56.00,,"12,036,801.19",02-Febrero.pdf
292,03-02-2025,03-02-2025,COMPRA POS RED H11 CREPESYWAFFLE,"13,900.00",,"12,022,901.19",02-Febrero.pdf
293,04-02-2025,04-02-2025,IMPUESTO DECRETO,"2,000.00",,"12,020,901.19",02-Febrero.pdf
294,04-02-2025,04-02-2025,PAGO PSE COMERCIO O FACTURA ENLACE DE APLICATIVO,"500,000.00",,"11,520,901.19",02-Febrero.pdf
295,05-02-2025,05-02-2025,IMPUESTO DECRETO,148.00,,"11,520,753.19",02-Febrero.pdf
296,05-02-2025,05-02-2025,COMPRA POS ASC CORRAL TITAN,"36,900.00",,"11,483,853.19",02-Febrero.pdf
297,06-02-2025,06-02-2025,IMPUESTO DECRETO,"3,876.00",,"11,479,977.19",02-Febrero.pdf
298,06-02-2025,06-02-2025,COMPRA POS ASC CENTRO COLOMBO AM,"969,000.00",,"10,510,977.19",02-Febrero.pdf
299,07-02-2025,07-02-2025,IMPUESTO DECRETO,18.00,,"10,510,959.19",02-Febrero.pdf
300,07-02-2025,07-02-2025,COMPRA POS RED OMA TENJO SIEMENS,"4,500.00",,"10,506,459.19",02-Febrero.pdf
301,07-02-2025,07-02-2025,IMPUESTO DECRETO,200.00,,"10,506,259.19",02-Febrero.pdf
302,07-02-2025,07-02-2025,RETIRO CAJERO BBVA,"50,000.00",,"10,456,259.19",02-Febrero.pdf
303,09-02-2025,10-02-2025,IMPUESTO DECRETO,263.00,,"10,455,996.19",02-Febrero.pdf
304,09-02-2025,10-02-2025,COMPRA POS ASC CHORILONGO,"65,715.00",,"10,390,281.19",02-Febrero.pdf
305,10-02-2025,10-02-2025,IMPUESTO DECRETO,291.00,,"10,389,990.19",02-Febrero.pdf
306,10-02-2025,10-02-2025,COMPRA POS ASC LA GRANDE CANT CE,"72,745.00",,"10,317,245.19",02-Febrero.pdf
307,11-02-2025,11-02-2025,IMPUESTO DECRETO,620.00,,"10,316,625.19",02-Febrero.pdf
308,11-02-2025,11-02-2025,Transferiste desde BBVA MOVIL a Natalia Gonzalez ENLACE,"155,000.00",,"10,161,625.19",02-Febrero.pdf
309,11-02-2025,11-02-2025,IMPUESTO DECRETO,90.00,,"10,161,535.19",02-Febrero.pdf
310,11-02-2025,11-02-2025,COMPRA POS ASC NEWREST CATERING,"22,400.00",,"10,139,135.19",02-Febrero.pdf
311,11-02-2025,11-02-2025,IMPUESTO DECRETO,84.00,,"10,139,051.19",02-Febrero.pdf
312,11-02-2025,11-02-2025,COMPRA POS RED OMA TENJO SIEMENS,"20,900.00",,"10,118,151.19",02-Febrero.pdf
313,12-02-2025,12-02-2025,IMPUESTO DECRETO,200.00,,"10,117,951.19",02-Febrero.pdf
314,12-02-2025,12-02-2025,RETIRO CAJERO BBVA BARRIO RESTREPO,"50,000.00",,"10,067,951.19",02-Febrero.pdf
315,13-02-2025,14-02-2025,IMPUESTO DECRETO,156.00,,"10,067,795.19",02-Febrero.pdf
316,13-02-2025,14-02-2025,COMPRA POS RED BOGOTA BEER COMPA,"38,900.00",,"10,028,895.19",02-Febrero.pdf
317,13-02-2025,14-02-2025,IMPUESTO DECRETO,37.00,,"10,028,858.19",02-Febrero.pdf
318,13-02-2025,14-02-2025,COMPRA POS ASC OXXO SANTA MATILD,"9,200.00",,"10,019,658.19",02-Febrero.pdf
319,14-02-2025,14-02-2025,IMPUESTO DECRETO,181.00,,"10,019,477.19",02-Febrero.pdf
320,14-02-2025,14-02-2025,COMPRA POS ASC ILFORNO WAJACA TI,"45,277.00",,"9,974,200.19",02-Febrero.pdf
321,16-02-2025,17-02-2025,IMPUESTO DECRETO,77.00,,"9,974,123.19",02-Febrero.pdf
322,16-02-2025,17-02-2025,COMPRA POS ASC aliexpress,"19,280.79",,"9,954,842.40",02-Febrero.pdf
323,17-02-2025,18-02-2025,IMPUESTO DECRETO,47.00,,"9,954,795.40",02-Febrero.pdf
324,17-02-2025,18-02-2025,COMPRA POS ASC OXXO SANTA MATILD,"11,850.00",,"9,942,945.40",02-Febrero.pdf
325,18-02-2025,18-02-2025,IMPUESTO DECRETO,400.00,,"9,942,545.40",02-Febrero.pdf
326,18-02-2025,18-02-2025,RETIRO CAJERO BBVA BARRIO RESTREPO,"100,000.00",,"9,842,545.40",02-Febrero.pdf
327,19-02-2025,19-02-2025,IMPUESTO DECRETO,88.00,,"9,842,457.40",02-Febrero.pdf
328,19-02-2025,19-02-2025,COMPRA POS ASC TJV BARRA INST MA,"22,000.00",,"9,820,457.40",02-Febrero.pdf
329,23-02-2025,24-02-2025,IMPUESTO DECRETO,599.00,,"9,819,858.40",02-Febrero.pdf
330,23-02-2025,24-02-2025,PAGO ENLACE DE APLICATIVO,"149,860.00",,"9,669,998.40",02-Febrero.pdf
331,24-02-2025,24-02-2025,IMPUESTO DECRETO,15.00,,"9,669,983.40",02-Febrero.pdf
332,24-02-2025,24-02-2025,COMPRA POS RED MAKRO AVE BOYACA,"3,800.00",,"9,666,183.40",02-Febrero.pdf
333,24-02-2025,24-02-2025,IMPUESTO DECRETO,700.00,,"9,665,483.40",02-Febrero.pdf
334,24-02-2025,24-02-2025,COMPRA POS ASC LIBRERIA Y D/DORA,"175,000.00",,"9,490,483.40",02-Febrero.pdf
335,25-02-2025,25-02-2025,IMPUESTO DECRETO,284.00,,"9,490,199.40",02-Febrero.pdf
336,25-02-2025,25-02-2025,COMPRA POS ASC BRASAS Y POLLOS M,"70,900.00",,"9,419,299.40",02-Febrero.pdf
337,26-02-2025,26-02-2025,IMPUESTO DECRETO,"1,680.00",,"9,417,619.40",02-Febrero.pdf
338,26-02-2025,26-02-2025,COMPRA POS RED CONSULTORIO ODONT,"420,000.00",,"8,997,619.40",02-Febrero.pdf
339,26-02-2025,26-02-2025,IMPUESTO DECRETO,140.00,,"8,997,479.40",02-Febrero.pdf
340,26-02-2025,26-02-2025,COMPRA POS ASC BOLD*radiologico,"35,000.00",,"8,962,479.40",02-Febrero.pdf
341,26-02-2025,26-02-2025,IMPUESTO DECRETO,200.00,,"8,962,279.40",02-Febrero.pdf
342,26-02-2025,26-02-2025,PAGO PSE COMERCIO O FACTURA ENLACE DE APLICATIVO,"50,000.00",,"8,912,279.40",02-Febrero.pdf
343,27-02-2025,27-02-2025,ABONO DOMI. 860031028 CENTRO CORPORATIVO,,"3,468,330.00","12,380,609.40",02-Febrero.pdf
344,27-02-2025,27-02-2025,IMPUESTO DECRETO,284.00,,"12,380,325.40",02-Febrero.pdf
345,27-02-2025,27-02-2025,COMPRA POS ASC BRASAS Y POLLOS M,"70,900.00",,"12,309,425.40",02-Febrero.pdf
346,28-02-2025,28-02-2025,ABONO INTERESES GANADOS,,105.00,"12,309,530.40",02-Febrero.pdf
347,01-03-2025,03-03-2025,IMPUESTO DECRETO,94.00,,"12,309,436.40",03-Marzo.pdf
348,01-03-2025,03-03-2025,COMPRA POS ASC BOLD*T Tea For U,"23,500.00",,"12,285,936.40",03-Marzo.pdf
349,03-03-2025,03-03-2025,IMPUESTO DECRETO,361.00,,"12,285,575.40",03-Marzo.pdf
350,03-03-2025,03-03-2025,COMPRA POS ASC DROGAS LA REBAJA,"90,300.00",,"12,195,275.40",03-Marzo.pdf
351,03-03-2025,04-03-2025,IMPUESTO DECRETO,145.00,,"12,195,130.40",03-Marzo.pdf
352,03-03-2025,04-03-2025,COMPRA POS ASC ALIEXPRESS COM,"36,331.51",,"12,158,798.89",03-Marzo.pdf
353,04-03-2025,04-03-2025,IMPUESTO DECRETO,32.00,,"12,158,766.89",03-Marzo.pdf
354,04-03-2025,04-03-2025,COMPRA POS ASC TDA DE CAFE JUAN,"7,900.00",,"12,150,866.89",03-Marzo.pdf
355,06-03-2025,06-03-2025,IMPUESTO DECRETO,"2,796.00",,"12,148,070.89",03-Marzo.pdf
356,06-03-2025,06-03-2025,PAGO PSE COMERCIO O FACTURA ENLACE DE APLICATIVO,"699,000.00",,"11,449,070.89",03-Marzo.pdf
357,07-03-2025,07-03-2025,IMPUESTO DECRETO,284.00,,"11,448,786.89",03-Marzo.pdf
358,07-03-2025,07-03-2025,COMPRA POS ASC BRASAS Y POLLOS M,"70,900.00",,"11,377,886.89",03-Marzo.pdf
359,07-03-2025,07-03-2025,IMPUESTO DECRETO,40.00,,"11,377,846.89",03-Marzo.pdf
360,07-03-2025,07-03-2025,COMPRA POS ASC CAC*LA FARMACIA C,"10,000.00",,"11,367,846.89",03-Marzo.pdf
361,07-03-2025,10-03-2025,IMPUESTO DECRETO,206.00,,"11,367,640.89",03-Marzo.pdf
362,07-03-2025,10-03-2025,COMPRA POS ASC M J E FOOD,"51,400.00",,"11,316,240.89",03-Marzo.pdf
363,11-03-2025,11-03-2025,IMPUESTO DECRETO,"1,200.00",,"11,315,040.89",03-Marzo.pdf
364,11-03-2025,11-03-2025,RETIRO CAJERO BBVA BARRIO RESTREPO,"300,000.00",,"11,015,040.89",03-Marzo.pdf
365,11-03-2025,11-03-2025,IMPUESTO DECRETO,"1,117.00",,"11,013,923.89",03-Marzo.pdf
366,11-03-2025,11-03-2025,COMPRA POS RED RESTAURANTE LA FE,"279,157.00",,"10,734,766.89",03-Marzo.pdf
367,11-03-2025,11-03-2025,IMPUESTO DECRETO,29.00,,"10,734,737.89",03-Marzo.pdf
368,11-03-2025,11-03-2025,COMPRA POS ASC TDA DE CAFE JUAN,"7,300.00",,"10,727,437.89",03-Marzo.pdf
369,12-03-2025,12-03-2025,IMPUESTO DECRETO,46.00,,"10,727,391.89",03-Marzo.pdf
370,12-03-2025,12-03-2025,COMPRA POS ASC TDA DE CAFE JUAN,"11,500.00",,"10,715,891.89",03-Marzo.pdf
371,14-03-2025,14-03-2025,IMPUESTO DECRETO,76.00,,"10,715,815.89",03-Marzo.pdf
372,14-03-2025,14-03-2025,COMPRA POS RED CENTRO EMPRESARIA,"19,100.00",,"10,696,715.89",03-Marzo.pdf
373,15-03-2025,17-03-2025,IMPUESTO DECRETO,380.00,,"10,696,335.89",03-Marzo.pdf
374,15-03-2025,17-03-2025,COMPRA POS ASC BOLD*Restaurante,"95,000.00",,"10,601,335.89",03-Marzo.pdf
375,15-03-2025,17-03-2025,IMPUESTO DECRETO,280.00,,"10,601,055.89",03-Marzo.pdf
376,15-03-2025,17-03-2025,COMPRA POS RED HOME BURGERS 20 C,"70,100.00",,"10,530,955.89",03-Marzo.pdf
377,15-03-2025,17-03-2025,IMPUESTO DECRETO,94.00,,"10,530,861.89",03-Marzo.pdf
378,15-03-2025,17-03-2025,COMPRA POS RED AV DORADO PREMIUM,"23,500.00",,"10,507,361.89",03-Marzo.pdf
379,16-03-2025,17-03-2025,IMPUESTO DECRETO,662.00,,"10,506,699.89",03-Marzo.pdf
380,16-03-2025,17-03-2025,COMPRA POS ASC PANAMERICANA LIB,"165,400.00",,"10,341,299.89",03-Marzo.pdf
381,16-03-2025,17-03-2025,IMPUESTO DECRETO,104.00,,"10,341,195.89",03-Marzo.pdf
382,16-03-2025,17-03-2025,COMPRA POS RED DUNKIN DONUTS,"26,000.00",,"10,315,195.89",03-Marzo.pdf
383,16-03-2025,17-03-2025,IMPUESTO DECRETO,65.00,,"10,315,130.89",03-Marzo.pdf
384,16-03-2025,17-03-2025,COMPRA POS ASC DROGUERIA CRUZ VE,"16,293.00",,"10,298,837.89",03-Marzo.pdf
385,16-03-2025,17-03-2025,IMPUESTO DECRETO,"1,055.00",,"10,297,782.89",03-Marzo.pdf
386,16-03-2025,17-03-2025,COMPRA POS ASC LC SM PLAZA DE LA,"263,800.00",,"10,033,982.89",03-Marzo.pdf
387,17-03-2025,17-03-2025,IMPUESTO DECRETO,32.00,,"10,033,950.89",03-Marzo.pdf
388,17-03-2025,17-03-2025,COMPRA POS ASC TDA DE CAFE JUAN,"7,900.00",,"10,026,050.89",03-Marzo.pdf
389,19-03-2025,19-03-2025,IMPUESTO DECRETO,270.00,,"10,025,780.89",03-Marzo.pdf
390,19-03-2025,19-03-2025,COMPRA POS RED FRISBY TITAN,"67,500.00",,"9,958,280.89",03-Marzo.pdf
391,19-03-2025,19-03-2025,IMPUESTO DECRETO,32.00,,"9,958,248.89",03-Marzo.pdf
392,19-03-2025,19-03-2025,COMPRA POS ASC TDA DE CAFE JUAN,"7,900.00",,"9,950,348.89",03-Marzo.pdf
393,20-03-2025,20-03-2025,IMPUESTO DECRETO,181.00,,"9,950,167.89",03-Marzo.pdf
394,20-03-2025,20-03-2025,COMPRA POS ASC ILFORNO WAJACA TI,"45,277.00",,"9,904,890.89",03-Marzo.pdf
395,21-03-2025,21-03-2025,IMPUESTO DECRETO,"1,200.00",,"9,903,690.89",03-Marzo.pdf
396,21-03-2025,21-03-2025,PAGO PSE COMERCIO O FACTURA ENLACE DE APLICATIVO,"300,000.00",,"9,603,690.89",03-Marzo.pdf
397,21-03-2025,21-03-2025,IMPUESTO DECRETO,46.00,,"9,603,644.89",03-Marzo.pdf
398,21-03-2025,21-03-2025,COMPRA POS ASC TDA DE CAFE JUAN,"11,500.00",,"9,592,144.89",03-Marzo.pdf
399,21-03-2025,25-03-2025,IMPUESTO DECRETO,128.00,,"9,592,016.89",03-Marzo.pdf
400,21-03-2025,25-03-2025,COMPRA POS ASC ALIEXPRESS COM,"31,938.69",,"9,560,078.20",03-Marzo.pdf
401,25-03-2025,25-03-2025,IMPUESTO DECRETO,609.00,,"9,559,469.20",03-Marzo.pdf
402,25-03-2025,25-03-2025,PAGO ENLACE DE APLICATIVO,"152,290.00",,"9,407,179.20",03-Marzo.pdf
403,25-03-2025,25-03-2025,IMPUESTO DECRETO,32.00,,"9,407,147.20",03-Marzo.pdf
404,25-03-2025,25-03-2025,COMPRA POS ASC TDA DE CAFE JUAN,"7,900.00",,"9,399,247.20",03-Marzo.pdf
405,26-03-2025,26-03-2025,IMPUESTO DECRETO,28.00,,"9,399,219.20",03-Marzo.pdf
406,26-03-2025,26-03-2025,COMPRA POS ASC TDA DE CAFE JUAN,"6,900.00",,"9,392,319.20",03-Marzo.pdf
407,27-03-2025,27-03-2025,IMPUESTO DECRETO,61.00,,"9,392,258.20",03-Marzo.pdf
408,27-03-2025,27-03-2025,COMPRA POS ASC OXXO SANTA MATILD,"15,350.00",,"9,376,908.20",03-Marzo.pdf
409,28-03-2025,28-03-2025,ABONO DOMI. 860031028 CENTRO CORPORATIVO,,"3,551,790.00","12,928,698.20",03-Marzo.pdf
410,28-03-2025,28-03-2025,IMPUESTO DECRETO,36.00,,"12,928,662.20",03-Marzo.pdf
411,28-03-2025,28-03-2025,COMPRA POS ASC TDA DE CAFE JUAN,"8,900.00",,"12,919,762.20",03-Marzo.pdf
412,29-03-2025,31-03-2025,IMPUESTO DECRETO,880.00,,"12,918,882.20",03-Marzo.pdf
413,29-03-2025,31-03-2025,COMPRA POS ASC ARBOL DE VIDA,"220,000.00",,"12,698,882.20",03-Marzo.pdf
414,29-03-2025,31-03-2025,IMPUESTO DECRETO,"1,126.00",,"12,697,756.20",03-Marzo.pdf
415,29-03-2025,31-03-2025,COMPRA POS ASC BOLD*Ahumao Cilin,"281,430.00",,"12,416,326.20",03-Marzo.pdf
416,29-03-2025,31-03-2025,IMPUESTO DECRETO,84.00,,"12,416,242.20",03-Marzo.pdf
417,29-03-2025,31-03-2025,COMPRA POS ASC FRATTOSAVERIO SAS,"21,000.00",,"12,395,242.20",03-Marzo.pdf
418,31-03-2025,31-03-2025,IMPUESTO DECRETO,58.00,,"12,395,184.20",03-Marzo.pdf
419,31-03-2025,31-03-2025,COMPRA POS ASC OXXO SANTA MATILD,"14,550.00",,"12,380,634.20",03-Marzo.pdf
420,31-03-2025,31-03-2025,IMPUESTO DECRETO,32.00,,"12,380,602.20",03-Marzo.pdf
421,31-03-2025,31-03-2025,COMPRA POS ASC TDA DE CAFE JUAN,"7,900.00",,"12,372,702.20",03-Marzo.pdf
422,31-03-2025,31-03-2025,ABONO INTERESES GANADOS,,110.00,"12,372,812.20",03-Marzo.pdf
423,02-04-2025,02-04-2025,IMPUESTO DECRETO,36.00,,"12,372,776.20",04-Abril.pdf
424,02-04-2025,02-04-2025,COMPRA POS ASC TDA DE CAFE JUAN,"8,900.00",,"12,363,876.20",04-Abril.pdf
425,03-04-2025,03-04-2025,IMPUESTO DECRETO,"2,796.00",,"12,361,080.20",04-Abril.pdf
426,03-04-2025,03-04-2025,PAGO PSE COMERCIO O FACTURA ENLACE DE APLICATIVO,"699,000.00",,"11,662,080.20",04-Abril.pdf
427,03-04-2025,03-04-2025,IMPUESTO DECRETO,46.00,,"11,662,034.20",04-Abril.pdf
428,03-04-2025,03-04-2025,COMPRA POS ASC TDA DE CAFE JUAN,"11,500.00",,"11,650,534.20",04-Abril.pdf
429,04-04-2025,04-04-2025,IMPUESTO DECRETO,356.00,,"11,650,178.20",04-Abril.pdf
430,04-04-2025,04-04-2025,COMPRA POS ASC KO ASIAN KITCHEN,"88,969.00",,"11,561,209.20",04-Abril.pdf
431,04-04-2025,04-04-2025,IMPUESTO DECRETO,92.00,,"11,561,117.20",04-Abril.pdf
432,04-04-2025,04-04-2025,COMPRA POS ASC OXXO MULTICENTRO,"22,900.00",,"11,538,217.20",04-Abril.pdf
433,08-04-2025,08-04-2025,IMPUESTO DECRETO,46.00,,"11,538,171.20",04-Abril.pdf
434,08-04-2025,08-04-2025,COMPRA POS ASC TDA DE CAFE JUAN,"11,500.00",,"11,526,671.20",04-Abril.pdf
435,10-04-2025,10-04-2025,IMPUESTO DECRETO,212.00,,"11,526,459.20",04-Abril.pdf
436,10-04-2025,10-04-2025,COMPRA POS ASC BRASAS Y POLLOS M,"52,900.00",,"11,473,559.20",04-Abril.pdf
437,10-04-2025,10-04-2025,IMPUESTO DECRETO,32.00,,"11,473,527.20",04-Abril.pdf
438,10-04-2025,10-04-2025,COMPRA POS ASC TDA DE CAFE JUAN,"7,900.00",,"11,465,627.20",04-Abril.pdf
439,11-04-2025,11-04-2025,IMPUESTO DECRETO,32.00,,"11,465,595.20",04-Abril.pdf
440,11-04-2025,11-04-2025,COMPRA POS ASC TDA DE CAFE JUAN,"7,900.00",,"11,457,695.20",04-Abril.pdf
441,13-04-2025,14-04-2025,IMPUESTO DECRETO,339.00,,"11,457,356.20",04-Abril.pdf
442,13-04-2025,14-04-2025,COMPRA POS ASC HAMBURGUESAS EL C,"84,800.00",,"11,372,556.20",04-Abril.pdf
443,13-04-2025,14-04-2025,IMPUESTO DECRETO,"1,792.00",,"11,370,764.20",04-Abril.pdf
444,13-04-2025,14-04-2025,COMPRA POS ASC TOTTO BOGOTA CENT,"447,920.00",,"10,922,844.20",04-Abril.pdf
445,13-04-2025,14-04-2025,IMPUESTO DECRETO,408.00,,"10,922,436.20",04-Abril.pdf
446,13-04-2025,14-04-2025,COMPRA POS ASC DECATHLON CENTRO,"102,000.00",,"10,820,436.20",04-Abril.pdf
447,13-04-2025,14-04-2025,IMPUESTO DECRETO,"2,050.00",,"10,818,386.20",04-Abril.pdf
448,13-04-2025,14-04-2025,COMPRA POS ASC ARTURO CALLE,"512,600.00",,"10,305,786.20",04-Abril.pdf
449,13-04-2025,14-04-2025,IMPUESTO DECRETO,"1,000.00",,"10,304,786.20",04-Abril.pdf
450,13-04-2025,14-04-2025,COMPRA POS ASC BRAHMA CONCEPT,"249,900.00",,"10,054,886.20",04-Abril.pdf
451,13-04-2025,14-04-2025,IMPUESTO DECRETO,"11,000.00",,"10,043,886.20",04-Abril.pdf
452,13-04-2025,14-04-2025,COMPRA POS ASC OPTICAS GMO COLOM,"2,750,000.00",,"7,293,886.20",04-Abril.pdf
453,13-04-2025,14-04-2025,IMPUESTO DECRETO,11.00,,"7,293,875.20",04-Abril.pdf
454,13-04-2025,14-04-2025,COMPRA POS ASC OXXO SANTA MATILD,"2,700.00",,"7,291,175.20",04-Abril.pdf
455,13-04-2025,14-04-2025,IMPUESTO DECRETO,240.00,,"7,290,935.20",04-Abril.pdf
456,13-04-2025,14-04-2025,COMPRA POS ASC WL *STEAM PURCHAS,"59,999.00",,"7,230,936.20",04-Abril.pdf
457,15-04-2025,15-04-2025,IMPUESTO DECRETO,155.00,,"7,230,781.20",04-Abril.pdf
458,15-04-2025,15-04-2025,COMPRA POS RED R35 CREPESYWAFFLE,"38,868.00",,"7,191,913.20",04-Abril.pdf
459,15-04-2025,15-04-2025,IMPUESTO DECRETO,"1,200.00",,"7,190,713.20",04-Abril.pdf
460,15-04-2025,15-04-2025,RETIRO CAJERO BBVA BARRIO RESTREPO,"300,000.00",,"6,890,713.20",04-Abril.pdf
461,15-04-2025,15-04-2025,IMPUESTO DECRETO,116.00,,"6,890,597.20",04-Abril.pdf
462,15-04-2025,15-04-2025,COMPRA POS ASC DROGAS LA REBAJA,"29,000.00",,"6,861,597.20",04-Abril.pdf
463,16-04-2025,16-04-2025,IMPUESTO DECRETO,"1,000.00",,"6,860,597.20",04-Abril.pdf
464,16-04-2025,16-04-2025,PAGO PSE COMERCIO O FACTURA ENLACE DE APLICATIVO,"250,000.00",,"6,610,597.20",04-Abril.pdf
465,23-04-2025,24-04-2025,IMPUESTO DECRETO,28.00,,"6,610,569.20",04-Abril.pdf
466,23-04-2025,24-04-2025,COMPRA POS ASC OXXO SANTA MATILD,"6,950.00",,"6,603,619.20",04-Abril.pdf
467,24-04-2025,24-04-2025,IMPUESTO DECRETO,623.00,,"6,602,996.20",04-Abril.pdf
468,24-04-2025,24-04-2025,PAGO ENLACE DE APLICATIVO,"155,810.00",,"6,447,186.20",04-Abril.pdf
469,24-04-2025,24-04-2025,IMPUESTO DECRETO,162.00,,"6,447,024.20",04-Abril.pdf
470,24-04-2025,24-04-2025,COMPRA POS ASC EL CARNAL CITYU,"40,400.00",,"6,406,624.20",04-Abril.pdf
471,26-04-2025,28-04-2025,IMPUESTO DECRETO,880.00,,"6,405,744.20",04-Abril.pdf
472,26-04-2025,28-04-2025,COMPRA POS ASC ARBOL DE VIDA,"220,000.00",,"6,185,744.20",04-Abril.pdf
473,26-04-2025,28-04-2025,IMPUESTO DECRETO,210.00,,"6,185,534.20",04-Abril.pdf
474,26-04-2025,28-04-2025,COMPRA POS RED LA LUCHA SANGUCHE,"52,526.00",,"6,133,008.20",04-Abril.pdf
475,27-04-2025,28-04-2025,IMPUESTO DECRETO,470.00,,"6,132,538.20",04-Abril.pdf
476,27-04-2025,28-04-2025,COMPRA POS RED CALENTAO DE LA OC,"117,600.00",,"6,014,938.20",04-Abril.pdf
477,27-04-2025,28-04-2025,IMPUESTO DECRETO,10.00,,"6,014,928.20",04-Abril.pdf
478,27-04-2025,28-04-2025,COMPRA POS ASC OXXO LA ESTRELLA,"2,600.00",,"6,012,328.20",04-Abril.pdf
479,27-04-2025,28-04-2025,IMPUESTO DECRETO,124.00,,"6,012,204.20",04-Abril.pdf
480,27-04-2025,28-04-2025,COMPRA POS ASC FULLCARGA COLOMBI,"30,900.00",,"5,981,304.20",04-Abril.pdf
481,28-04-2025,28-04-2025,IMPUESTO DECRETO,800.00,,"5,980,504.20",04-Abril.pdf
482,28-04-2025,28-04-2025,PAGO PSE COMERCIO O FACTURA ENLACE DE APLICATIVO,"200,000.00",,"5,780,504.20",04-Abril.pdf
483,29-04-2025,29-04-2025,ABONO DOMI. 860031028 CENTRO CORPORATIVO,,"3,536,800.00","9,317,304.20",04-Abril.pdf
484,29-04-2025,29-04-2025,IMPUESTO DECRETO,46.00,,"9,317,258.20",04-Abril.pdf
485,29-04-2025,29-04-2025,COMPRA POS ASC TDA DE CAFE JUAN,"11,500.00",,"9,305,758.20",04-Abril.pdf
486,29-04-2025,29-04-2025,IMPUESTO DECRETO,18.00,,"9,305,740.20",04-Abril.pdf
487,29-04-2025,29-04-2025,COMPRA POS ASC SPID 35 CARRERA 3,"4,510.00",,"9,301,230.20",04-Abril.pdf
488,30-04-2025,30-04-2025,ABONO INTERESES GANADOS,,89.00,"9,301,319.20",04-Abril.pdf
488,30-04-2025,02-05-2025,CARGO POR IMPUESTO 4X1.000,512.00,,"9,300,807.20",05-Mayo.pdf
489,30-04-2025,02-05-2025,COMPRA POS ASC BREWPUB,"128,044.00",,"9,172,763.20",05-Mayo.pdf
491,01-05-2025,02-05-2025,CARGO POR IMPUESTO 4X1.000,1.00,,"9,172,762.20",05-Mayo.pdf
492,01-05-2025,02-05-2025,COMPRA POS ASC DLO*DiDi CO Payin,300.00,,"9,172,462.20",05-Mayo.pdf
493,01-05-2025,02-05-2025,ANU. COM DECRETO,,1.00,"9,172,463.20",05-Mayo.pdf
494,01-05-2025,02-05-2025,REVERSO COMPRA POS,,300.00,"9,172,763.20",05-Mayo.pdf
495,01-05-2025,02-05-2025,CARGO POR IMPUESTO 4X1.000,84.00,,"9,172,679.20",05-Mayo.pdf
496,01-05-2025,02-05-2025,COMPRA POS ASC DLO*DiDi Food CO,"21,050.00",,"9,151,629.20",05-Mayo.pdf
497,02-05-2025,02-05-2025,CARGO POR IMPUESTO 4X1.000,32.00,,"9,151,597.20",05-Mayo.pdf
498,02-05-2025,02-05-2025,COMPRA POS ASC TDA DE CAFE JUAN,"7,900.00",,"9,143,697.20",05-Mayo.pdf
499,04-05-2025,05-05-2025,CARGO POR IMPUESTO 4X1.000,"6,352.00",,"9,137,345.20",05-Mayo.pdf
500,04-05-2025,05-05-2025,PAGO PSE COMERCIO O FACTURA ENLACE DE APLICATIVO,"1,588,120.00",,"7,549,225.20",05-Mayo.pdf
501,04-05-2025,05-05-2025,CARGO POR IMPUESTO 4X1.000,"1,471.00",,"7,547,754.20",05-Mayo.pdf
502,04-05-2025,05-05-2025,PAGO PSE COMERCIO O FACTURA ENLACE DE APLICATIVO,"367,700.00",,"7,180,054.20",05-Mayo.pdf
503,04-05-2025,05-05-2025,CARGO POR IMPUESTO 4X1.000,366.00,,"7,179,688.20",05-Mayo.pdf
504,04-05-2025,05-05-2025,COMPRA POS ASC HOMECENTER CEDRIT,"91,500.00",,"7,088,188.20",05-Mayo.pdf
505,05-05-2025,06-05-2025,CARGO POR IMPUESTO 4X1.000,"2,656.00",,"7,085,532.20",05-Mayo.pdf
506,05-05-2025,06-05-2025,PAGO PSE COMERCIO O FACTURA ENLACE DE APLICATIVO,"664,050.00",,"6,421,482.20",05-Mayo.pdf
507,06-05-2025,06-05-2025,RECIBISTE DINERO BBVA MOVIL ENLACE DE APLICATIVO,,"9,700.00","6,431,182.20",05-Mayo.pdf
508,07-05-2025,07-05-2025,CARGO POR IMPUESTO 4X1.000,36.00,,"6,431,146.20",05-Mayo.pdf
509,07-05-2025,07-05-2025,COMPRA POS ASC TDA DE CAFE JUAN,"8,900.00",,"6,422,246.20",05-Mayo.pdf
510,08-05-2025,08-05-2025,CARGO POR IMPUESTO 4X1.000,36.00,,"6,422,210.20",05-Mayo.pdf
511,08-05-2025,08-05-2025,COMPRA POS ASC TDA DE CAFE JUAN,"8,900.00",,"6,413,310.20",05-Mayo.pdf
512,09-05-2025,09-05-2025,CARGO POR IMPUESTO 4X1.000,7.00,,"6,413,303.20",05-Mayo.pdf
513,09-05-2025,09-05-2025,COMPRA POS RED NOVAVENTA BOG COD,"1,800.00",,"6,411,503.20",05-Mayo.pdf
514,10-05-2025,12-05-2025,CARGO POR IMPUESTO 4X1.000,492.00,,"6,411,011.20",05-Mayo.pdf
515,10-05-2025,12-05-2025,COMPRA POS RED ALMACENES ATENAS,"123,000.00",,"6,288,011.20",05-Mayo.pdf
516,10-05-2025,12-05-2025,CARGO POR IMPUESTO 4X1.000,267.00,,"6,287,744.20",05-Mayo.pdf
517,10-05-2025,12-05-2025,COMPRA POS ASC TIENDA D1 LOS JUN,"66,860.00",,"6,220,884.20",05-Mayo.pdf
518,11-05-2025,12-05-2025,CARGO POR IMPUESTO 4X1.000,114.00,,"6,220,770.20",05-Mayo.pdf
519,11-05-2025,12-05-2025,COMPRA POS ASC MPO*MERCADO PAGO,"28,485.00",,"6,192,285.20",05-Mayo.pdf
520,11-05-2025,12-05-2025,CARGO POR IMPUESTO 4X1.000,199.00,,"6,192,086.20",05-Mayo.pdf
521,11-05-2025,12-05-2025,COMPRA POS ASC ALIEXPRESS COM,"49,793.82",,"6,142,292.38",05-Mayo.pdf
522,11-05-2025,12-05-2025,CARGO POR IMPUESTO 4X1.000,35.00,,"6,142,257.38",05-Mayo.pdf
523,11-05-2025,12-05-2025,COMPRA POS ASC aliexpress,"8,763.18",,"6,133,494.20",05-Mayo.pdf
524,11-05-2025,12-05-2025,CARGO POR IMPUESTO 4X1.000,207.00,,"6,133,287.20",05-Mayo.pdf
525,11-05-2025,12-05-2025,COMPRA POS ASC LH CEDRITOS,"51,700.00",,"6,081,587.20",05-Mayo.pdf
526,13-05-2025,13-05-2025,CARGO POR IMPUESTO 4X1.000,400.00,,"6,081,187.20",05-Mayo.pdf
527,13-05-2025,13-05-2025,PAGO PSE COMERCIO O FACTURA ENLACE DE APLICATIVO,"100,000.00",,"5,981,187.20",05-Mayo.pdf
528,13-05-2025,13-05-2025,CARGO POR IMPUESTO 4X1.000,32.00,,"5,981,155.20",05-Mayo.pdf
529,13-05-2025,13-05-2025,COMPRA POS ASC TDA DE CAFE JUAN,"7,900.00",,"5,973,255.20",05-Mayo.pdf
530,14-05-2025,14-05-2025,CARGO POR IMPUESTO 4X1.000,100.00,,"5,973,155.20",05-Mayo.pdf
531,14-05-2025,14-05-2025,PAGO PSE COMERCIO O FACTURA ENLACE DE APLICATIVO,"25,000.00",,"5,948,155.20",05-Mayo.pdf
532,14-05-2025,14-05-2025,CARGO POR IMPUESTO 4X1.000,62.00,,"5,948,093.20",05-Mayo.pdf
533,14-05-2025,14-05-2025,COMPRA POS ASC DLO*DiDi Food CO,"15,580.00",,"5,932,513.20",05-Mayo.pdf
534,15-05-2025,15-05-2025,CARGO POR IMPUESTO 4X1.000,27.00,,"5,932,486.20",05-Mayo.pdf
535,15-05-2025,15-05-2025,COMPRA POS RED OMA TENJO SIEMENS,"6,800.00",,"5,925,686.20",05-Mayo.pdf
536,15-05-2025,15-05-2025,CARGO POR IMPUESTO 4X1.000,119.00,,"5,925,567.20",05-Mayo.pdf
537,15-05-2025,15-05-2025,COMPRA POS RED TAXIS LIBRES BOGO,"29,800.00",,"5,895,767.20",05-Mayo.pdf
538,16-05-2025,16-05-2025,RECIBISTE DINERO BBVA MOVIL ENLACE DE APLICATIVO,,"13,000.00","5,908,767.20",05-Mayo.pdf
539,17-05-2025,19-05-2025,CARGO POR IMPUESTO 4X1.000,45.00,,"5,908,722.20",05-Mayo.pdf
540,17-05-2025,19-05-2025,PAGO PSE COMERCIO O FACTURA ENLACE DE APLICATIVO,"11,260.00",,"5,897,462.20",05-Mayo.pdf
541,17-05-2025,19-05-2025,CARGO POR IMPUESTO 4X1.000,"1,140.00",,"5,896,322.20",05-Mayo.pdf
542,17-05-2025,19-05-2025,COMPRA POS RED ARBOL DE VIDA,"285,000.00",,"5,611,322.20",05-Mayo.pdf
543,18-05-2025,19-05-2025,CARGO POR IMPUESTO 4X1.000,800.00,,"5,610,522.20",05-Mayo.pdf
544,18-05-2025,19-05-2025,PAGO PSE COMERCIO O FACTURA ENLACE DE APLICATIVO,"200,000.00",,"5,410,522.20",05-Mayo.pdf
545,18-05-2025,19-05-2025,CARGO POR IMPUESTO 4X1.000,144.00,,"5,410,378.20",05-Mayo.pdf
546,18-05-2025,19-05-2025,COMPRA POS ASC BOLD*Lluvia de po,"36,000.00",,"5,374,378.20",05-Mayo.pdf
547,21-05-2025,21-05-2025,CARGO POR IMPUESTO 4X1.000,52.00,,"5,374,326.20",05-Mayo.pdf
548,21-05-2025,21-05-2025,COMPRA POS ASC TDA DE CAFE JUAN,"13,000.00",,"5,361,326.20",05-Mayo.pdf
549,22-05-2025,23-05-2025,CARGO POR IMPUESTO 4X1.000,581.00,,"5,360,745.20",05-Mayo.pdf
550,22-05-2025,23-05-2025,COMPRA POS RED TURMEQUE SANTA BA,"145,246.00",,"5,215,499.20",05-Mayo.pdf
551,24-05-2025,26-05-2025,CARGO POR IMPUESTO 4X1.000,400.00,,"5,215,099.20",05-Mayo.pdf
552,24-05-2025,26-05-2025,PAGO PSE COMERCIO O FACTURA ENLACE DE APLICATIVO,"100,000.00",,"5,115,099.20",05-Mayo.pdf
553,24-05-2025,26-05-2025,CARGO POR IMPUESTO 4X1.000,401.00,,"5,114,698.20",05-Mayo.pdf
554,24-05-2025,26-05-2025,PAGO PSE COMERCIO O FACTURA ENLACE DE APLICATIVO,"100,210.00",,"5,014,488.20",05-Mayo.pdf
555,25-05-2025,26-05-2025,CARGO POR IMPUESTO 4X1.000,216.00,,"5,014,272.20",05-Mayo.pdf
556,25-05-2025,26-05-2025,COMPRA POS ASC BOLD*Raviolera Ce,"54,000.00",,"4,960,272.20",05-Mayo.pdf
557,25-05-2025,26-05-2025,CARGO POR IMPUESTO 4X1.000,8.00,,"4,960,264.20",05-Mayo.pdf
558,25-05-2025,26-05-2025,COMPRA POS ASC GOOGLE *Google On,"2,000.00",,"4,958,264.20",05-Mayo.pdf
559,26-05-2025,26-05-2025,CARGO POR IMPUESTO 4X1.000,80.00,,"4,958,184.20",05-Mayo.pdf
560,26-05-2025,26-05-2025,COMPRA POS ASC DROGUERIA CAFAM B,"20,000.00",,"4,938,184.20",05-Mayo.pdf
561,26-05-2025,27-05-2025,CARGO POR IMPUESTO 4X1.000,200.00,,"4,937,984.20",05-Mayo.pdf
562,26-05-2025,27-05-2025,RETIRO CAJERO BBVA CEDRITOS,"50,000.00",,"4,887,984.20",05-Mayo.pdf
563,29-05-2025,29-05-2025,ABONO DOMI. 860031028 CENTRO CORPORATIVO,,"3,735,501.00","8,623,485.20",05-Mayo.pdf
564,29-05-2025,29-05-2025,CARGO POR IMPUESTO 4X1.000,139.00,,"8,623,346.20",05-Mayo.pdf
565,29-05-2025,29-05-2025,COMPRA POS ASC DLO*DiDi Food CO,"34,833.00",,"8,588,513.20",05-Mayo.pdf
566,29-05-2025,29-05-2025,CARGO POR IMPUESTO 4X1.000,167.00,,"8,588,346.20",05-Mayo.pdf
567,29-05-2025,29-05-2025,COMPRA POS ASC TDA DE CAFE JUAN,"41,700.00",,"8,546,646.20",05-Mayo.pdf
568,30-05-2025,30-05-2025,CARGO POR IMPUESTO 4X1.000,143.00,,"8,546,503.20",05-Mayo.pdf
569,30-05-2025,30-05-2025,PAGO PSE COMERCIO O FACTURA ENLACE DE APLICATIVO,"35,835.00",,"8,510,668.20",05-Mayo.pdf
570,30-05-2025,30-05-2025,CARGO POR IMPUESTO 4X1.000,116.00,,"8,510,552.20",05-Mayo.pdf
571,30-05-2025,30-05-2025,COMPRA POS ASC DLO*DiDi Food CO,"28,905.00",,"8,481,647.20",05-Mayo.pdf
572,30-05-2025,30-05-2025,CARGO POR IMPUESTO 4X1.000,"4,192.00",,"8,477,455.20",05-Mayo.pdf
573,30-05-2025,30-05-2025,PAGO PSE COMERCIO O FACTURA ENLACE DE APLICATIVO,"1,048,000.00",,"7,429,455.20",05-Mayo.pdf
574,30-05-2025,31-05-2025,ABONO INTERESES GANADOS,,64.00,"7,429,519.20",05-Mayo.pdf
575,31-05-2025,03-06-2025,CARGO POR IMPUESTO 4X1.000,400.00,,"7,429,119.20",06-Junio.pdf
576,31-05-2025,03-06-2025,PAGO PSE COMERCIO O FACTURA ENLACE DE APLICATIVO,"100,000.00",,"7,329,119.20",06-Junio.pdf
577,31-05-2025,03-06-2025,CARGO POR IMPUESTO 4X1.000,680.00,,"7,328,439.20",06-Junio.pdf
578,31-05-2025,03-06-2025,COMPRA POS RED DILUCCA SALITRE,"169,898.00",,"7,158,541.20",06-Junio.pdf
579,01-06-2025,03-06-2025,CARGO POR IMPUESTO 4X1.000,361.00,,"7,158,180.20",06-Junio.pdf
580,01-06-2025,03-06-2025,COMPRA POS ASC TIENDA D1 TIBANA,"90,210.00",,"7,067,970.20",06-Junio.pdf
581,02-06-2025,03-06-2025,CARGO POR IMPUESTO 4X1.000,90.00,,"7,067,880.20",06-Junio.pdf
582,02-06-2025,03-06-2025,COMPRA POS ASC DLO*DiDi Food CO,"22,425.00",,"7,045,455.20",06-Junio.pdf
583,02-06-2025,03-06-2025,CARGO POR IMPUESTO 4X1.000,553.00,,"7,044,902.20",06-Junio.pdf
584,02-06-2025,03-06-2025,COMPRA POS ASC TIENDAS ARA,"138,270.00",,"6,906,632.20",06-Junio.pdf
585,03-06-2025,03-06-2025,CARGO POR IMPUESTO 4X1.000,36.00,,"6,906,596.20",06-Junio.pdf
586,03-06-2025,03-06-2025,COMPRA POS ASC TDA DE CAFE JUAN,"8,900.00",,"6,897,696.20",06-Junio.pdf
587,03-06-2025,04-06-2025,CARGO POR IMPUESTO 4X1.000,"3,200.00",,"6,894,496.20",06-Junio.pdf
588,03-06-2025,04-06-2025,ENVIO POR TRANSFIYA APP BBVA ENLACE DE APLICATIVO,"800,000.00",,"6,094,496.20",06-Junio.pdf
589,04-06-2025,04-06-2025,CARGO POR IMPUESTO 4X1.000,500.00,,"6,093,996.20",06-Junio.pdf
590,04-06-2025,04-06-2025,PAGO PSE COMERCIO O FACTURA ENLACE DE APLICATIVO,"124,900.00",,"5,969,096.20",06-Junio.pdf
591,04-06-2025,04-06-2025,CARGO POR IMPUESTO 4X1.000,87.00,,"5,969,009.20",06-Junio.pdf
592,04-06-2025,04-06-2025,COMPRA POS ASC DLO*DiDi Food CO,"21,800.00",,"5,947,209.20",06-Junio.pdf
593,05-06-2025,05-06-2025,CARGO POR IMPUESTO 4X1.000,87.00,,"5,947,122.20",06-Junio.pdf
594,05-06-2025,05-06-2025,COMPRA POS ASC DLO*DiDi Food CO,"21,700.00",,"5,925,422.20",06-Junio.pdf
595,05-06-2025,05-06-2025,CARGO POR IMPUESTO 4X1.000,"1,000.00",,"5,924,422.20",06-Junio.pdf
596,05-06-2025,05-06-2025,PAGO PSE COMERCIO O FACTURA ENLACE DE APLICATIVO,"249,900.00",,"5,674,522.20",06-Junio.pdf
597,05-06-2025,05-06-2025,CARGO POR IMPUESTO 4X1.000,11.00,,"5,674,511.20",06-Junio.pdf
598,05-06-2025,05-06-2025,COMPRA POS ASC OXXO EDS LAS AGUA,"2,800.00",,"5,671,711.20",06-Junio.pdf
599,05-06-2025,06-06-2025,CARGO POR IMPUESTO 4X1.000,134.00,,"5,671,577.20",06-Junio.pdf
600,05-06-2025,06-06-2025,PAGO PSE COMERCIO O FACTURA ENLACE DE APLICATIVO,"33,415.00",,"5,638,162.20",06-Junio.pdf
601,06-06-2025,06-06-2025,CARGO POR IMPUESTO 4X1.000,400.00,,"5,637,762.20",06-Junio.pdf
602,06-06-2025,06-06-2025,PAGO PSE COMERCIO O FACTURA ENLACE DE APLICATIVO,"100,000.00",,"5,537,762.20",06-Junio.pdf
603,06-06-2025,06-06-2025,CARGO POR IMPUESTO 4X1.000,32.00,,"5,537,730.20",06-Junio.pdf
604,06-06-2025,06-06-2025,COMPRA POS ASC TDA DE CAFE JUAN,"7,900.00",,"5,529,830.20",06-Junio.pdf
605,07-06-2025,09-06-2025,CARGO POR IMPUESTO 4X1.000,99.00,,"5,529,731.20",06-Junio.pdf
606,07-06-2025,09-06-2025,COMPRA POS ASC OXXO EDS VERAGUAS,"24,650.00",,"5,505,081.20",06-Junio.pdf
607,08-06-2025,09-06-2025,CARGO POR IMPUESTO 4X1.000,143.00,,"5,504,938.20",06-Junio.pdf
608,08-06-2025,09-06-2025,COMPRA POS ASC OXXO EDS VERAGUAS,"35,850.00",,"5,469,088.20",06-Junio.pdf
609,08-06-2025,09-06-2025,CARGO POR IMPUESTO 4X1.000,458.00,,"5,468,630.20",06-Junio.pdf
610,08-06-2025,09-06-2025,COMPRA POS RED CALENTAO DE LA OC,"114,500.00",,"5,354,130.20",06-Junio.pdf
611,10-06-2025,10-06-2025,CARGO POR IMPUESTO 4X1.000,87.00,,"5,354,043.20",06-Junio.pdf
612,10-06-2025,10-06-2025,COMPRA POS ASC DLO*DiDi Food CO,"21,700.00",,"5,332,343.20",06-Junio.pdf
613,11-06-2025,11-06-2025,CARGO POR IMPUESTO 4X1.000,68.00,,"5,332,275.20",06-Junio.pdf
614,11-06-2025,11-06-2025,COMPRA POS ASC TDA DE CAFE JUAN,"16,900.00",,"5,315,375.20",06-Junio.pdf
615,12-06-2025,12-06-2025,CARGO POR IMPUESTO 4X1.000,92.00,,"5,315,283.20",06-Junio.pdf
616,12-06-2025,12-06-2025,COMPRA POS ASC DLO*DiDi Food CO,"22,918.00",,"5,292,365.20",06-Junio.pdf
617,14-06-2025,16-06-2025,CARGO POR IMPUESTO 4X1.000,50.00,,"5,292,315.20",06-Junio.pdf
618,14-06-2025,16-06-2025,COMPRA POS RED SANTUARIO DEL SE,"12,400.00",,"5,279,915.20",06-Junio.pdf
619,14-06-2025,16-06-2025,CARGO POR IMPUESTO 4X1.000,96.00,,"5,279,819.20",06-Junio.pdf
620,14-06-2025,16-06-2025,COMPRA POS ASC BOLD*Lluvia de po,"24,000.00",,"5,255,819.20",06-Junio.pdf
621,15-06-2025,16-06-2025,CARGO POR IMPUESTO 4X1.000,78.00,,"5,255,741.20",06-Junio.pdf
622,15-06-2025,16-06-2025,COMPRA POS ASC MERCADO PAGO*MERC,"19,400.00",,"5,236,341.20",06-Junio.pdf
623,15-06-2025,16-06-2025,CARGO POR IMPUESTO 4X1.000,81.00,,"5,236,260.20",06-Junio.pdf
624,15-06-2025,16-06-2025,COMPRA POS ASC DLO*DiDi Food CO,"20,200.00",,"5,216,060.20",06-Junio.pdf
625,15-06-2025,16-06-2025,CARGO POR IMPUESTO 4X1.000,545.00,,"5,215,515.20",06-Junio.pdf
626,15-06-2025,16-06-2025,COMPRA POS ASC TIENDAS ARA,"136,320.00",,"5,079,195.20",06-Junio.pdf
627,15-06-2025,16-06-2025,CARGO POR IMPUESTO 4X1.000,121.00,,"5,079,074.20",06-Junio.pdf
628,15-06-2025,16-06-2025,COMPRA POS ASC DLO*DiDi Food CO,"30,273.00",,"5,048,801.20",06-Junio.pdf
629,16-06-2025,16-06-2025,CARGO POR IMPUESTO 4X1.000,17.00,,"5,048,784.20",06-Junio.pdf
630,16-06-2025,16-06-2025,COMPRA POS RED NOVAVENTA BOG COD,"4,300.00",,"5,044,484.20",06-Junio.pdf
631,17-06-2025,17-06-2025,CARGO POR IMPUESTO 4X1.000,71.00,,"5,044,413.20",06-Junio.pdf
632,17-06-2025,17-06-2025,COMPRA POS ASC BOLD*La Barrita D,"17,850.00",,"5,026,563.20",06-Junio.pdf
633,17-06-2025,17-06-2025,CARGO POR IMPUESTO 4X1.000,402.00,,"5,026,161.20",06-Junio.pdf
634,17-06-2025,17-06-2025,PAGO T.CREDITO ENLACE DE APLICATIVO,"100,444.00",,"4,925,717.20",06-Junio.pdf
635,17-06-2025,17-06-2025,CARGO POR IMPUESTO 4X1.000,32.00,,"4,925,685.20",06-Junio.pdf
636,17-06-2025,17-06-2025,COMPRA POS ASC TDA DE CAFE JUAN,"7,900.00",,"4,917,785.20",06-Junio.pdf
637,18-06-2025,18-06-2025,CARGO POR IMPUESTO 4X1.000,87.00,,"4,917,698.20",06-Junio.pdf
638,18-06-2025,18-06-2025,COMPRA POS ASC DLO*DiDi Food CO,"21,800.00",,"4,895,898.20",06-Junio.pdf
639,18-06-2025,18-06-2025,CARGO POR IMPUESTO 4X1.000,32.00,,"4,895,866.20",06-Junio.pdf
640,18-06-2025,18-06-2025,COMPRA POS ASC TDA DE CAFE JUAN,"7,900.00",,"4,887,966.20",06-Junio.pdf
641,19-06-2025,19-06-2025,CARGO POR IMPUESTO 4X1.000,87.00,,"4,887,879.20",06-Junio.pdf
642,19-06-2025,19-06-2025,COMPRA POS ASC DLO*DiDi Food CO,"21,800.00",,"4,866,079.20",06-Junio.pdf
643,20-06-2025,20-06-2025,CARGO POR IMPUESTO 4X1.000,40.00,,"4,866,039.20",06-Junio.pdf
644,20-06-2025,20-06-2025,COMPRA POS RED DL*DIDI RIDES CO,"10,000.00",,"4,856,039.20",06-Junio.pdf
645,20-06-2025,20-06-2025,CARGO POR IMPUESTO 4X1.000,32.00,,"4,856,007.20",06-Junio.pdf
646,20-06-2025,20-06-2025,COMPRA POS ASC TDA DE CAFE JUAN,"7,900.00",,"4,848,107.20",06-Junio.pdf
647,22-06-2025,24-06-2025,CARGO POR IMPUESTO 4X1.000,89.00,,"4,848,018.20",06-Junio.pdf
648,22-06-2025,24-06-2025,COMPRA POS ASC DLO*Didi,"22,300.00",,"4,825,718.20",06-Junio.pdf
649,23-06-2025,24-06-2025,CARGO POR IMPUESTO 4X1.000,401.00,,"4,825,317.20",06-Junio.pdf
650,23-06-2025,24-06-2025,PAGO PSE COMERCIO O FACTURA ENLACE DE APLICATIVO,"100,210.00",,"4,725,107.20",06-Junio.pdf
651,23-06-2025,24-06-2025,CARGO POR IMPUESTO 4X1.000,36.00,,"4,725,071.20",06-Junio.pdf
652,23-06-2025,24-06-2025,COMPRA POS ASC DLO*Didi,"8,973.00",,"4,716,098.20",06-Junio.pdf
653,24-06-2025,24-06-2025,CARGO POR IMPUESTO 4X1.000,172.00,,"4,715,926.20",06-Junio.pdf
654,24-06-2025,24-06-2025,COMPRA POS ASC DLO*Didi,"43,100.00",,"4,672,826.20",06-Junio.pdf
655,24-06-2025,24-06-2025,CARGO POR IMPUESTO 4X1.000,90.00,,"4,672,736.20",06-Junio.pdf
656,24-06-2025,24-06-2025,COMPRA POS RED DOROTEA PARRILLA,"22,500.00",,"4,650,236.20",06-Junio.pdf
657,24-06-2025,24-06-2025,CARGO POR IMPUESTO 4X1.000,32.00,,"4,650,204.20",06-Junio.pdf
658,24-06-2025,24-06-2025,COMPRA POS ASC TDA DE CAFE JUAN,"7,900.00",,"4,642,304.20",06-Junio.pdf
659,24-06-2025,24-06-2025,CARGO POR IMPUESTO 4X1.000,36.00,,"4,642,268.20",06-Junio.pdf
660,24-06-2025,24-06-2025,COMPRA POS ASC DLO*GOOGLE Google,"8,900.00",,"4,633,368.20",06-Junio.pdf
661,25-06-2025,25-06-2025,CARGO POR IMPUESTO 4X1.000,880.00,,"4,632,488.20",06-Junio.pdf
662,25-06-2025,25-06-2025,COMPRA POS RED ARBOL DE VIDA,"220,000.00",,"4,412,488.20",06-Junio.pdf
663,25-06-2025,25-06-2025,CARGO POR IMPUESTO 4X1.000,19.00,,"4,412,469.20",06-Junio.pdf
664,25-06-2025,25-06-2025,COMPRA POS ASC OXXO CASTILLO 72,"4,800.00",,"4,407,669.20",06-Junio.pdf
665,25-06-2025,25-06-2025,CARGO POR IMPUESTO 4X1.000,201.00,,"4,407,468.20",06-Junio.pdf
666,25-06-2025,25-06-2025,COMPRA POS RED ENSAMBLADORA UNIV,"50,250.00",,"4,357,218.20",06-Junio.pdf
667,26-06-2025,26-06-2025,ABONO DOMI. 860031028 CENTRO CORPORATIVO,,"5,396,371.00","9,753,589.20",06-Junio.pdf
668,26-06-2025,26-06-2025,CARGO POR IMPUESTO 4X1.000,400.00,,"9,753,189.20",06-Junio.pdf
669,26-06-2025,26-06-2025,PAGO PSE COMERCIO O FACTURA ENLACE DE APLICATIVO,"100,000.00",,"9,653,189.20",06-Junio.pdf
670,27-06-2025,27-06-2025,CARGO POR IMPUESTO 4X1.000,139.00,,"9,653,050.20",06-Junio.pdf
671,27-06-2025,27-06-2025,COMPRA POS RED EL CARNAL CITYU,"34,800.00",,"9,618,250.20",06-Junio.pdf
672,27-06-2025,30-06-2025,ABONO POR INTERESES DE CUENTA,,61.00,"9,618,311.20",06-Junio.pdf
673,28-06-2025,01-07-2025,CARGO POR IMPUESTO 4X1.000,200.00,,"9,618,111.20",07-Julio_fix.pdf
674,28-06-2025,01-07-2025,PAGO PSE COMERCIO O FACTURA ENLACE DE APLICATIVO,"50,000.00",,"9,568,111.20",07-Julio_fix.pdf
675,30-06-2025,01-07-2025,CARGO POR IMPUESTO 4X1.000,400.00,,"9,567,711.20",07-Julio_fix.pdf
676,30-06-2025,01-07-2025,PAGO PSE COMERCIO O FACTURA ENLACE DE APLICATIVO,"100,000.00",,"9,467,711.20",07-Julio_fix.pdf
677,30-06-2025,01-07-2025,CARGO POR IMPUESTO 4X1.000,400.00,,"9,467,311.20",07-Julio_fix.pdf
678,30-06-2025,01-07-2025,PAGO PSE COMERCIO O FACTURA ENLACE DE APLICATIVO,"100,000.00",,"9,367,311.20",07-Julio_fix.pdf
679,01-07-2025,01-07-2025,CARGO POR IMPUESTO 4X1.000,"2,916.00",,"9,364,395.20",07-Julio_fix.pdf
680,01-07-2025,01-07-2025,PAGO PSE COMERCIO O FACTURA ENLACE DE APLICATIVO,"729,000.00",,"8,635,395.20",07-Julio_fix.pdf
681,01-07-2025,01-07-2025,CARGO POR IMPUESTO 4X1.000,46.00,,"8,635,349.20",07-Julio_fix.pdf
682,01-07-2025,01-07-2025,COMPRA POS ASC TDA DE CAFE JUAN,"11,500.00",,"8,623,849.20",07-Julio_fix.pdf
683,01-07-2025,01-07-2025,CARGO POR IMPUESTO 4X1.000,67.00,,"8,623,782.20",07-Julio_fix.pdf
684,01-07-2025,01-07-2025,COMPRA POS RED R25 CREPESYWAFFLE,"16,700.00",,"8,607,082.20",07-Julio_fix.pdf
685,02-07-2025,02-07-2025,CARGO POR IMPUESTO 4X1.000,87.00,,"8,606,995.20",07-Julio_fix.pdf
686,02-07-2025,02-07-2025,COMPRA POS ASC DLO*DiDi Food CO,"21,750.00",,"8,585,245.20",07-Julio_fix.pdf
687,03-07-2025,03-07-2025,CARGO POR IMPUESTO 4X1.000,25.00,,"8,585,220.20",07-Julio_fix.pdf
688,03-07-2025,03-07-2025,COMPRA POS ASC OXXO CONNECTA 80,"6,200.00",,"8,579,020.20",07-Julio_fix.pdf
689,03-07-2025,04-07-2025,CARGO POR IMPUESTO 4X1.000,120.00,,"8,578,900.20",07-Julio_fix.pdf
690,03-07-2025,04-07-2025,COMPRA POS RED SUBWAY EDS CALLE,"29,900.00",,"8,549,000.20",07-Julio_fix.pdf
691,03-07-2025,04-07-2025,CARGO POR IMPUESTO 4X1.000,33.00,,"8,548,967.20",07-Julio_fix.pdf
692,03-07-2025,04-07-2025,COMPRA POS ASC DLO*Didi,"8,200.00",,"8,540,767.20",07-Julio_fix.pdf
693,04-07-2025,04-07-2025,CARGO POR IMPUESTO 4X1.000,318.00,,"8,540,449.20",07-Julio_fix.pdf
694,04-07-2025,04-07-2025,COMPRA POS ASC FRISBY I-07,"79,500.00",,"8,460,949.20",07-Julio_fix.pdf
695,04-07-2025,07-07-2025,CARGO POR IMPUESTO 4X1.000,48.00,,"8,460,901.20",07-Julio_fix.pdf
696,04-07-2025,07-07-2025,COMPRA POS RED DL*DIDI RIDES CO,"11,900.00",,"8,449,001.20",07-Julio_fix.pdf
697,04-07-2025,07-07-2025,CARGO POR IMPUESTO 4X1.000,20.00,,"8,448,981.20",07-Julio_fix.pdf
698,04-07-2025,07-07-2025,COMPRA POS RED DL*DIDI RIDES CO,"5,000.00",,"8,443,981.20",07-Julio_fix.pdf
699,06-07-2025,07-07-2025,CARGO POR IMPUESTO 4X1.000,113.00,,"8,443,868.20",07-Julio_fix.pdf
700,06-07-2025,07-07-2025,COMPRA POS ASC DLO*DiDi Food CO,"28,276.00",,"8,415,592.20",07-Julio_fix.pdf
701,06-07-2025,07-07-2025,CARGO POR IMPUESTO 4X1.000,458.00,,"8,415,134.20",07-Julio_fix.pdf
702,06-07-2025,07-07-2025,COMPRA POS ASC TIENDAS ARA,"114,380.00",,"8,300,754.20",07-Julio_fix.pdf
703,07-07-2025,07-07-2025,CARGO POR IMPUESTO 4X1.000,77.00,,"8,300,677.20",07-Julio_fix.pdf
704,07-07-2025,07-07-2025,COMPRA POS ASC DLO*DiDi Food CO,"19,300.00",,"8,281,377.20",07-Julio_fix.pdf
705,07-07-2025,08-07-2025,CARGO POR IMPUESTO 4X1.000,"3,200.00",,"8,278,177.20",07-Julio_fix.pdf
706,07-07-2025,08-07-2025,Transferiste desde BBVA MOVIL a Emilio Zea ENLACE DE APL,"800,000.00",,"7,478,177.20",07-Julio_fix.pdf
707,07-07-2025,08-07-2025,CARGO POR IMPUESTO 4X1.000,360.00,,"7,477,817.20",07-Julio_fix.pdf
708,07-07-2025,08-07-2025,Transferiste desde BBVA MOVIL a Emilio Zea ENLACE DE APL,"90,000.00",,"7,387,817.20",07-Julio_fix.pdf
709,08-07-2025,08-07-2025,CARGO POR IMPUESTO 4X1.000,22.00,,"7,387,795.20",07-Julio_fix.pdf
710,08-07-2025,08-07-2025,COMPRA POS RED TOSTAO CAFE Y PAN,"5,600.00",,"7,382,195.20",07-Julio_fix.pdf
711,09-07-2025,09-07-2025,CARGO POR IMPUESTO 4X1.000,160.00,,"7,382,035.20",07-Julio_fix.pdf
712,09-07-2025,09-07-2025,COMPRA POS ASC DLO*DiDi Food CO,"40,014.00",,"7,342,021.20",07-Julio_fix.pdf
713,09-07-2025,09-07-2025,ABONO TERCEROS BANCO BMOVIL APP ENLACE DE APLICATIVO,,"10,000.00","7,352,021.20",07-Julio_fix.pdf
714,09-07-2025,09-07-2025,CARGO POR IMPUESTO 4X1.000,70.00,,"7,351,951.20",07-Julio_fix.pdf
715,09-07-2025,09-07-2025,COMPRA POS ASC DLO*Didi,"17,600.00",,"7,334,351.20",07-Julio_fix.pdf
716,10-07-2025,10-07-2025,CARGO POR IMPUESTO 4X1.000,276.00,,"7,334,075.20",07-Julio_fix.pdf
717,10-07-2025,10-07-2025,COMPRA POS ASC RESTAURANTE WOK,"68,885.00",,"7,265,190.20",07-Julio_fix.pdf
718,11-07-2025,11-07-2025,CARGO POR IMPUESTO 4X1.000,48.00,,"7,265,142.20",07-Julio_fix.pdf
719,11-07-2025,11-07-2025,COMPRA POS ASC CENTRO EMPRESARIA,"12,000.00",,"7,253,142.20",07-Julio_fix.pdf
720,11-07-2025,11-07-2025,CARGO POR IMPUESTO 4X1.000,121.00,,"7,253,021.20",07-Julio_fix.pdf
721,11-07-2025,11-07-2025,COMPRA POS RED MATUKA,"30,250.00",,"7,222,771.20",07-Julio_fix.pdf
722,11-07-2025,11-07-2025,CARGO POR IMPUESTO 4X1.000,401.00,,"7,222,370.20",07-Julio_fix.pdf
723,11-07-2025,11-07-2025,PAGO PSE COMERCIO O FACTURA ENLACE DE APLICATIVO,"100,210.00",,"7,122,160.20",07-Julio_fix.pdf
724,12-07-2025,14-07-2025,CARGO POR IMPUESTO 4X1.000,200.00,,"7,121,960.20",07-Julio_fix.pdf
725,12-07-2025,14-07-2025,PAGO PSE COMERCIO O FACTURA ENLACE DE APLICATIVO,"50,000.00",,"7,071,960.20",07-Julio_fix.pdf
726,13-07-2025,14-07-2025,CARGO POR IMPUESTO 4X1.000,616.00,,"7,071,344.20",07-Julio_fix.pdf
727,13-07-2025,14-07-2025,COMPRA POS ASC RESTAURANTE GATIN,"154,000.00",,"6,917,344.20",07-Julio_fix.pdf
728,14-07-2025,14-07-2025,CARGO POR IMPUESTO 4X1.000,83.00,,"6,917,261.20",07-Julio_fix.pdf
729,14-07-2025,14-07-2025,COMPRA POS ASC DLO*DiDi Food CO,"20,625.00",,"6,896,636.20",07-Julio_fix.pdf
730,14-07-2025,14-07-2025,CARGO POR IMPUESTO 4X1.000,32.00,,"6,896,604.20",07-Julio_fix.pdf
731,14-07-2025,14-07-2025,COMPRA POS ASC TDA DE CAFE JUAN,"7,900.00",,"6,888,704.20",07-Julio_fix.pdf
732,15-07-2025,15-07-2025,CARGO POR IMPUESTO 4X1.000,87.00,,"6,888,617.20",07-Julio_fix.pdf
733,15-07-2025,15-07-2025,COMPRA POS ASC DLO*DiDi Food CO,"21,750.00",,"6,866,867.20",07-Julio_fix.pdf
734,15-07-2025,15-07-2025,CARGO POR IMPUESTO 4X1.000,32.00,,"6,866,835.20",07-Julio_fix.pdf
735,15-07-2025,15-07-2025,COMPRA POS ASC TDA DE CAFE JUAN,"7,900.00",,"6,858,935.20",07-Julio_fix.pdf
736,16-07-2025,16-07-2025,CARGO POR IMPUESTO 4X1.000,69.00,,"6,858,866.20",07-Julio_fix.pdf
737,16-07-2025,16-07-2025,COMPRA POS ASC PAYU*ROBINFOOD CO,"17,250.00",,"6,841,616.20",07-Julio_fix.pdf
738,16-07-2025,16-07-2025,CARGO POR IMPUESTO 4X1.000,26.00,,"6,841,590.20",07-Julio_fix.pdf
739,16-07-2025,16-07-2025,COMPRA POS ASC OXXO UNIVERSITARI,"6,400.00",,"6,835,190.20",07-Julio_fix.pdf
740,16-07-2025,16-07-2025,CARGO POR IMPUESTO 4X1.000,12.00,,"6,835,178.20",07-Julio_fix.pdf
741,16-07-2025,16-07-2025,COMPRA POS RED TOSTAO CAFE Y PAN,"3,100.00",,"6,832,078.20",07-Julio_fix.pdf
742,17-07-2025,17-07-2025,CARGO POR IMPUESTO 4X1.000,20.00,,"6,832,058.20",07-Julio_fix.pdf
743,17-07-2025,17-07-2025,COMPRA POS ASC OXXO CONNECTA 80,"5,100.00",,"6,826,958.20",07-Julio_fix.pdf
744,17-07-2025,17-07-2025,CARGO POR IMPUESTO 4X1.000,12.00,,"6,826,946.20",07-Julio_fix.pdf
745,17-07-2025,17-07-2025,COMPRA POS RED TOSTAO CAFE Y PAN,"3,100.00",,"6,823,846.20",07-Julio_fix.pdf
746,18-07-2025,18-07-2025,CARGO POR IMPUESTO 4X1.000,69.00,,"6,823,777.20",07-Julio_fix.pdf
747,18-07-2025,18-07-2025,COMPRA POS ASC PAYU*ROBINFOOD CO,"17,350.00",,"6,806,427.20",07-Julio_fix.pdf
748,18-07-2025,18-07-2025,CARGO POR IMPUESTO 4X1.000,172.00,,"6,806,255.20",07-Julio_fix.pdf
749,18-07-2025,18-07-2025,COMPRA POS ASC HAMBURGUESAS EL C,"42,900.00",,"6,763,355.20",07-Julio_fix.pdf
750,19-07-2025,21-07-2025,CARGO POR IMPUESTO 4X1.000,880.00,,"6,762,475.20",07-Julio_fix.pdf
751,19-07-2025,21-07-2025,COMPRA POS ASC ARBOL DE VIDA,"220,000.00",,"6,542,475.20",07-Julio_fix.pdf
752,19-07-2025,21-07-2025,CARGO POR IMPUESTO 4X1.000,30.00,,"6,542,445.20",07-Julio_fix.pdf
753,19-07-2025,21-07-2025,COMPRA POS RED TDC CAROLINA 127,"7,400.00",,"6,535,045.20",07-Julio_fix.pdf
754,20-07-2025,21-07-2025,CARGO POR IMPUESTO 4X1.000,88.00,,"6,534,957.20",07-Julio_fix.pdf
755,20-07-2025,21-07-2025,PAGO PSE COMERCIO O FACTURA ENLACE DE APLICATIVO,"22,000.00",,"6,512,957.20",07-Julio_fix.pdf
756,21-07-2025,21-07-2025,CARGO POR IMPUESTO 4X1.000,77.00,,"6,512,880.20",07-Julio_fix.pdf
757,21-07-2025,21-07-2025,COMPRA POS ASC DLO*DiDi Food CO,"19,200.00",,"6,493,680.20",07-Julio_fix.pdf
758,21-07-2025,21-07-2025,CARGO POR IMPUESTO 4X1.000,18.00,,"6,493,662.20",07-Julio_fix.pdf
759,21-07-2025,21-07-2025,COMPRA POS RED TOSTAO CAFE Y PAN,"4,600.00",,"6,489,062.20",07-Julio_fix.pdf
760,22-07-2025,22-07-2025,CARGO POR IMPUESTO 4X1.000,164.00,,"6,488,898.20",07-Julio_fix.pdf
761,22-07-2025,22-07-2025,COMPRA POS RED CALENTAO DE LA OC,"41,000.00",,"6,447,898.20",07-Julio_fix.pdf
762,22-07-2025,22-07-2025,CARGO POR IMPUESTO 4X1.000,23.00,,"6,447,875.20",07-Julio_fix.pdf
763,22-07-2025,22-07-2025,COMPRA POS ASC SPID 35 CARRERA 3,"5,650.00",,"6,442,225.20",07-Julio_fix.pdf
764,22-07-2025,22-07-2025,CARGO POR IMPUESTO 4X1.000,36.00,,"6,442,189.20",07-Julio_fix.pdf
765,22-07-2025,22-07-2025,COMPRA POS ASC TDA DE CAFE JUAN,"8,900.00",,"6,433,289.20",07-Julio_fix.pdf
766,23-07-2025,23-07-2025,CARGO POR IMPUESTO 4X1.000,18.00,,"6,433,271.20",07-Julio_fix.pdf
767,23-07-2025,23-07-2025,COMPRA POS RED TOSTAO CAFE Y PAN,"4,600.00",,"6,428,671.20",07-Julio_fix.pdf
768,24-07-2025,24-07-2025,CARGO POR IMPUESTO 4X1.000,12.00,,"6,428,659.20",07-Julio_fix.pdf
769,24-07-2025,24-07-2025,COMPRA POS RED TOSTAO CAFE Y PAN,"3,100.00",,"6,425,559.20",07-Julio_fix.pdf
770,24-07-2025,24-07-2025,CARGO POR IMPUESTO 4X1.000,36.00,,"6,425,523.20",07-Julio_fix.pdf
771,24-07-2025,24-07-2025,COMPRA POS ASC DLO*GOOGLE Google,"8,900.00",,"6,416,623.20",07-Julio_fix.pdf
772,25-07-2025,25-07-2025,CARGO POR IMPUESTO 4X1.000,22.00,,"6,416,601.20",07-Julio_fix.pdf
773,25-07-2025,25-07-2025,COMPRA POS RED TOSTAO CAFE Y PAN,"5,600.00",,"6,411,001.20",07-Julio_fix.pdf
774,26-07-2025,28-07-2025,CARGO POR IMPUESTO 4X1.000,142.00,,"6,410,859.20",07-Julio_fix.pdf
775,26-07-2025,28-07-2025,COMPRA POS ASC DLO*DiDi Food CO,"35,622.00",,"6,375,237.20",07-Julio_fix.pdf
776,26-07-2025,,CARGO POR IMPUESTO 4X1.000,106.00,,"6,375,131.20",07-Julio_fix.pdf
777,26-07-2025,28-07-2025,COMPRA POS ASC DLO*DiDi Food CO,"26,613.00",,"6,348,518.20",07-Julio_fix.pdf
778,27-07-2025,28-07-2025,CARGO POR IMPUESTO 4X1.000,149.00,,"6,348,369.20",07-Julio_fix.pdf
779,27-07-2025,28-07-2025,COMPRA POS ASC DLO*DiDi Food CO,"37,358.00",,"6,311,011.20",07-Julio_fix.pdf
780,27-07-2025,28-07-2025,CARGO POR IMPUESTO 4X1.000,631.00,,"6,310,380.20",07-Julio_fix.pdf
781,27-07-2025,28-07-2025,COMPRA POS ASC TIENDAS ARA,"157,670.00",,"6,152,710.20",07-Julio_fix.pdf
782,29-07-2025,29-07-2025,CARGO POR IMPUESTO 4X1.000,"2,916.00",,"6,149,794.20",07-Julio_fix.pdf
783,29-07-2025,29-07-2025,PAGO PSE COMERCIO O FACTURA ENLACE DE APLICATIVO,"729,000.00",,"5,420,794.20",07-Julio_fix.pdf
784,29-07-2025,29-07-2025,CARGO POR IMPUESTO 4X1.000,152.00,,"5,420,642.20",07-Julio_fix.pdf
785,29-07-2025,29-07-2025,COMPRA POS ASC MONTOLIVO PASTA E,"38,000.00",,"5,382,642.20",07-Julio_fix.pdf
786,29-07-2025,29-07-2025,CARGO POR IMPUESTO 4X1.000,43.00,,"5,382,599.20",07-Julio_fix.pdf
787,29-07-2025,29-07-2025,COMPRA POS RED TOSTAO CAFE Y PAN,"10,700.00",,"5,371,899.20",07-Julio_fix.pdf
788,30-07-2025,30-07-2025,ABONO DOMI. 860031028 CENTRO CORPORATIVO,,"3,730,830.00","9,102,729.20",07-Julio_fix.pdf
789,30-07-2025,30-07-2025,CARGO POR IMPUESTO 4X1.000,1.00,,"9,102,728.20",07-Julio_fix.pdf
790,30-07-2025,30-07-2025,COMPRA POS ASC RAPPI*RAPPI COLOM,275.00,,"9,102,453.20",07-Julio_fix.pdf
791,30-07-2025,30-07-2025,CARGO POR IMPUESTO 4X1.000,274.00,,"9,102,179.20",07-Julio_fix.pdf
792,30-07-2025,30-07-2025,COMPRA POS ASC RAPPI*RAPPI COLOM,"68,400.00",,"9,033,779.20",07-Julio_fix.pdf
793,30-07-2025,30-07-2025,ANU. COM DECRETO,,1.00,"9,033,780.20",07-Julio_fix.pdf
794,30-07-2025,30-07-2025,REVERSO COMPRA POS,,275.00,"9,034,055.20",07-Julio_fix.pdf
795,30-07-2025,30-07-2025,CARGO POR IMPUESTO 4X1.000,401.00,,"9,033,654.20",07-Julio_fix.pdf
796,30-07-2025,30-07-2025,PAGO PSE COMERCIO O FACTURA ENLACE DE APLICATIVO,"100,210.00",,"8,933,444.20",07-Julio_fix.pdf
797,30-07-2025,30-07-2025,CARGO POR IMPUESTO 4X1.000,12.00,,"8,933,432.20",07-Julio_fix.pdf
798,30-07-2025,30-07-2025,COMPRA POS RED TOSTAO CAFE Y PAN,"3,100.00",,"8,930,332.20",07-Julio_fix.pdf
799,30-07-2025,30-07-2025,CARGO POR IMPUESTO 4X1.000,16.00,,"8,930,316.20",07-Julio_fix.pdf
800,30-07-2025,30-07-2025,COMPRA POS ASC OXXO EDS LAS AGUA,"4,100.00",,"8,926,216.20",07-Julio_fix.pdf
801,31-07-2025,31-07-2025,ABONO POR INTERESES DE CUENTA,,73.00,"8,926,289.20",07-Julio_fix.pdf
802,01-08-2025,01-08-2025,CARGO POR IMPUESTO 4X1.000,"3,260.00",,"8,923,029.20",08-Agosto.pdf
803,01-08-2025,01-08-2025,Transferiste a Emilio Zea,"815,000.00",,"8,108,029.20",08-Agosto.pdf
804,01-08-2025,01-08-2025,CARGO POR IMPUESTO 4X1.000,12.00,,"8,108,017.20",08-Agosto.pdf
805,01-08-2025,01-08-2025,COMPRA POS RED TOSTAO CAFE Y PAN,"3,100.00",,"8,104,917.20",08-Agosto.pdf
806,02-08-2025,04-08-2025,CARGO POR IMPUESTO 4X1.000,260.00,,"8,104,657.20",08-Agosto.pdf
807,02-08-2025,04-08-2025,COMPRA POS ASC FUNDACION MULATO,"65,000.00",,"8,039,657.20",08-Agosto.pdf
808,04-08-2025,04-08-2025,CARGO POR IMPUESTO 4X1.000,22.00,,"8,039,635.20",08-Agosto.pdf
809,04-08-2025,04-08-2025,COMPRA POS RED TOSTAO CAFE Y PAN,"5,600.00",,"8,034,035.20",08-Agosto.pdf
810,05-08-2025,05-08-2025,CARGO POR IMPUESTO 4X1.000,800.00,,"8,033,235.20",08-Agosto.pdf
811,05-08-2025,05-08-2025,PAGO PSE COMERCIO O FACTURA ENLACE DE APLICATIVO,"200,000.00",,"7,833,235.20",08-Agosto.pdf
812,05-08-2025,05-08-2025,CARGO POR IMPUESTO 4X1.000,28.00,,"7,833,207.20",08-Agosto.pdf
813,05-08-2025,05-08-2025,COMPRA POS RED TOSTAO CAFE Y PAN,"7,100.00",,"7,826,107.20",08-Agosto.pdf
814,06-08-2025,06-08-2025,CARGO POR IMPUESTO 4X1.000,"3,080.00",,"7,823,027.20",08-Agosto.pdf
815,06-08-2025,06-08-2025,COMPRA POS RED DANIEL MAURICIO C,"770,000.00",,"7,053,027.20",08-Agosto.pdf
816,06-08-2025,06-08-2025,CARGO POR IMPUESTO 4X1.000,57.00,,"7,052,970.20",08-Agosto.pdf
817,06-08-2025,06-08-2025,COMPRA POS ASC DLO*Didi,"14,155.00",,"7,038,815.20",08-Agosto.pdf
818,06-08-2025,06-08-2025,CARGO POR IMPUESTO 4X1.000,12.00,,"7,038,803.20",08-Agosto.pdf
819,06-08-2025,06-08-2025,COMPRA POS RED TOSTAO CAFE Y PAN,"3,100.00",,"7,035,703.20",08-Agosto.pdf
820,07-08-2025,08-08-2025,CARGO POR IMPUESTO 4X1.000,136.00,,"7,035,567.20",08-Agosto.pdf
821,07-08-2025,08-08-2025,PAGO PSE COMERCIO O FACTURA ENLACE DE APLICATIVO,"34,000.00",,"7,001,567.20",08-Agosto.pdf
822,07-08-2025,08-08-2025,CARGO POR IMPUESTO 4X1.000,174.00,,"7,001,393.20",08-Agosto.pdf
823,07-08-2025,08-08-2025,COMPRA POS ASC DLO*DiDi Food CO,"43,519.00",,"6,957,874.20",08-Agosto.pdf
824,08-08-2025,08-08-2025,CARGO POR IMPUESTO 4X1.000,176.00,,"6,957,698.20",08-Agosto.pdf
825,08-08-2025,08-08-2025,COMPRA POS ASC DLO*DiDi Food CO,"44,088.00",,"6,913,610.20",08-Agosto.pdf
826,09-08-2025,11-08-2025,CARGO POR IMPUESTO 4X1.000,212.00,,"6,913,398.20",08-Agosto.pdf
827,09-08-2025,11-08-2025,COMPRA POS ASC BRASAS Y POLLOS M,"52,900.00",,"6,860,498.20",08-Agosto.pdf
828,09-08-2025,11-08-2025,CARGO POR IMPUESTO 4X1.000,260.00,,"6,860,238.20",08-Agosto.pdf
829,09-08-2025,11-08-2025,COMPRA POS ASC PANADERIA Y PASTE,"65,000.00",,"6,795,238.20",08-Agosto.pdf
830,09-08-2025,11-08-2025,CARGO POR IMPUESTO 4X1.000,118.00,,"6,795,120.20",08-Agosto.pdf
831,09-08-2025,11-08-2025,COMPRA POS ASC DLO*DiDi Food CO,"29,610.00",,"6,765,510.20",08-Agosto.pdf
832,10-08-2025,11-08-2025,CARGO POR IMPUESTO 4X1.000,59.00,,"6,765,451.20",08-Agosto.pdf
833,10-08-2025,11-08-2025,COMPRA POS ASC DROGAS LA REBAJA,"14,780.00",,"6,750,671.20",08-Agosto.pdf
834,10-08-2025,11-08-2025,CARGO POR IMPUESTO 4X1.000,"2,000.00",,"6,748,671.20",08-Agosto.pdf
835,10-08-2025,11-08-2025,PAGO PSE COMERCIO O FACTURA ENLACE DE APLICATIVO,"500,000.00",,"6,248,671.20",08-Agosto.pdf
836,10-08-2025,11-08-2025,CARGO POR IMPUESTO 4X1.000,21.00,,"6,248,650.20",08-Agosto.pdf
837,10-08-2025,11-08-2025,COMPRA POS ASC OXXO SANTA MATILD,"5,300.00",,"6,243,350.20",08-Agosto.pdf
838,12-08-2025,12-08-2025,CARGO POR IMPUESTO 4X1.000,12.00,,"6,243,338.20",08-Agosto.pdf
839,12-08-2025,12-08-2025,COMPRA POS RED TOSTAO CAFE Y PAN,"3,100.00",,"6,240,238.20",08-Agosto.pdf
840,13-08-2025,13-08-2025,CARGO POR IMPUESTO 4X1.000,152.00,,"6,240,086.20",08-Agosto.pdf
841,13-08-2025,13-08-2025,COMPRA POS RED FIT FAT FOOD,"37,900.00",,"6,202,186.20",08-Agosto.pdf
842,13-08-2025,13-08-2025,CARGO POR IMPUESTO 4X1.000,60.00,,"6,202,126.20",08-Agosto.pdf
843,13-08-2025,13-08-2025,COMPRA POS ASC CRUZ VERDE CL 161,"14,950.00",,"6,187,176.20",08-Agosto.pdf
844,14-08-2025,14-08-2025,CARGO POR IMPUESTO 4X1.000,65.00,,"6,187,111.20",08-Agosto.pdf
845,14-08-2025,14-08-2025,COMPRA POS ASC DLO*Didi,"16,222.00",,"6,170,889.20",08-Agosto.pdf
846,15-08-2025,15-08-2025,CARGO POR IMPUESTO 4X1.000,125.00,,"6,170,764.20",08-Agosto.pdf
847,15-08-2025,15-08-2025,COMPRA POS ASC RAPPI*RAPPI COLOM,"31,150.00",,"6,139,614.20",08-Agosto.pdf
848,15-08-2025,15-08-2025,CARGO POR IMPUESTO 4X1.000,12.00,,"6,139,602.20",08-Agosto.pdf
849,15-08-2025,15-08-2025,COMPRA POS RED TOSTAO CAFE Y PAN,"3,100.00",,"6,136,502.20",08-Agosto.pdf
850,16-08-2025,19-08-2025,CARGO POR IMPUESTO 4X1.000,880.00,,"6,135,622.20",08-Agosto.pdf
851,16-08-2025,19-08-2025,COMPRA POS RED ARBOL DE VIDA,"220,000.00",,"5,915,622.20",08-Agosto.pdf
852,16-08-2025,19-08-2025,CARGO POR IMPUESTO 4X1.000,172.00,,"5,915,450.20",08-Agosto.pdf
853,16-08-2025,19-08-2025,COMPRA POS ASC HAMBURGUESAS EL C,"42,900.00",,"5,872,550.20",08-Agosto.pdf
854,17-08-2025,19-08-2025,CARGO POR IMPUESTO 4X1.000,95.00,,"5,872,455.20",08-Agosto.pdf
855,17-08-2025,19-08-2025,COMPRA POS ASC DLO*DiDi Food CO,"23,650.00",,"5,848,805.20",08-Agosto.pdf
856,18-08-2025,19-08-2025,CARGO POR IMPUESTO 4X1.000,114.00,,"5,848,691.20",08-Agosto.pdf
857,18-08-2025,19-08-2025,COMPRA POS RED H07 CREPESYWAFFLE,"28,600.00",,"5,820,091.20",08-Agosto.pdf
858,18-08-2025,19-08-2025,CARGO POR IMPUESTO 4X1.000,200.00,,"5,819,891.20",08-Agosto.pdf
859,18-08-2025,19-08-2025,RETIRO EN CAJERO BBVA HAYUELOS,"50,000.00",,"5,769,891.20",08-Agosto.pdf
860,18-08-2025,19-08-2025,CARGO POR IMPUESTO 4X1.000,78.00,,"5,769,813.20",08-Agosto.pdf
861,18-08-2025,19-08-2025,COMPRA POS ASC DLO*Didi,"19,500.00",,"5,750,313.20",08-Agosto.pdf
862,19-08-2025,19-08-2025,CARGO POR IMPUESTO 4X1.000,94.00,,"5,750,219.20",08-Agosto.pdf
863,19-08-2025,19-08-2025,COMPRA POS ASC DLO*DiDi Food CO,"23,600.00",,"5,726,619.20",08-Agosto.pdf
864,19-08-2025,19-08-2025,CARGO POR IMPUESTO 4X1.000,30.00,,"5,726,589.20",08-Agosto.pdf
865,19-08-2025,19-08-2025,COMPRA POS ASC TDA DE CAFE JUAN,"7,500.00",,"5,719,089.20",08-Agosto.pdf
866,19-08-2025,20-08-2025,CARGO POR IMPUESTO 4X1.000,120.00,,"5,718,969.20",08-Agosto.pdf
867,19-08-2025,20-08-2025,COMPRA POS RED SALCHIMONSTER CED,"29,900.00",,"5,689,069.20",08-Agosto.pdf
868,20-08-2025,20-08-2025,CARGO POR IMPUESTO 4X1.000,171.00,,"5,688,898.20",08-Agosto.pdf
869,20-08-2025,20-08-2025,COMPRA POS ASC DLO*DiDi Food CO,"42,836.00",,"5,646,062.20",08-Agosto.pdf
870,20-08-2025,20-08-2025,CARGO POR IMPUESTO 4X1.000,401.00,,"5,645,661.20",08-Agosto.pdf
871,20-08-2025,20-08-2025,PAGO PSE COMERCIO O FACTURA ENLACE DE APLICATIVO,"100,210.00",,"5,545,451.20",08-Agosto.pdf
872,21-08-2025,21-08-2025,CARGO POR IMPUESTO 4X1.000,80.00,,"5,545,371.20",08-Agosto.pdf
873,21-08-2025,21-08-2025,COMPRA POS ASC DLO*DiDi Food CO,"19,970.00",,"5,525,401.20",08-Agosto.pdf
874,21-08-2025,22-08-2025,CARGO POR IMPUESTO 4X1.000,116.00,,"5,525,285.20",08-Agosto.pdf
875,21-08-2025,22-08-2025,COMPRA POS ASC LUPIS MARIA MARRI,"29,000.00",,"5,496,285.20",08-Agosto.pdf
876,22-08-2025,22-08-2025,CARGO POR IMPUESTO 4X1.000,15.00,,"5,496,270.20",08-Agosto.pdf
877,22-08-2025,22-08-2025,COMPRA POS RED NOVAVENTA BOG COD,"3,800.00",,"5,492,470.20",08-Agosto.pdf
878,23-08-2025,25-08-2025,CARGO POR IMPUESTO 4X1.000,142.00,,"5,492,328.20",08-Agosto.pdf
879,23-08-2025,25-08-2025,COMPRA POS ASC FRUTITOS,"35,500.00",,"5,456,828.20",08-Agosto.pdf
880,24-08-2025,25-08-2025,CARGO POR IMPUESTO 4X1.000,88.00,,"5,456,740.20",08-Agosto.pdf
881,24-08-2025,25-08-2025,PAGO PSE COMERCIO O FACTURA ENLACE DE APLICATIVO,"22,000.00",,"5,434,740.20",08-Agosto.pdf
882,24-08-2025,25-08-2025,CARGO POR IMPUESTO 4X1.000,51.00,,"5,434,689.20",08-Agosto.pdf
883,24-08-2025,25-08-2025,COMPRA POS ASC OXXO SANTA MATILD,"12,800.00",,"5,421,889.20",08-Agosto.pdf
884,24-08-2025,25-08-2025,CARGO POR IMPUESTO 4X1.000,36.00,,"5,421,853.20",08-Agosto.pdf
885,24-08-2025,25-08-2025,COMPRA POS ASC DLO*GOOGLE Google,"8,900.00",,"5,412,953.20",08-Agosto.pdf
886,25-08-2025,25-08-2025,CARGO POR IMPUESTO 4X1.000,103.00,,"5,412,850.20",08-Agosto.pdf
887,25-08-2025,25-08-2025,COMPRA POS ASC DLO*DiDi Food CO,"25,723.00",,"5,387,127.20",08-Agosto.pdf
888,25-08-2025,25-08-2025,CARGO POR IMPUESTO 4X1.000,240.00,,"5,386,887.20",08-Agosto.pdf
889,25-08-2025,25-08-2025,COMPRA POS ASC Mercado Pago*MERC,"60,000.00",,"5,326,887.20",08-Agosto.pdf
890,25-08-2025,26-08-2025,CARGO POR IMPUESTO 4X1.000,91.00,,"5,326,796.20",08-Agosto.pdf
891,25-08-2025,26-08-2025,COMPRA POS ASC OXXO CEDRO,"22,800.00",,"5,303,996.20",08-Agosto.pdf
892,25-08-2025,26-08-2025,CARGO POR IMPUESTO 4X1.000,"2,916.00",,"5,301,080.20",08-Agosto.pdf
893,25-08-2025,26-08-2025,PAGO PSE COMERCIO O FACTURA ENLACE DE APLICATIVO,"729,000.00",,"4,572,080.20",08-Agosto.pdf
894,28-08-2025,28-08-2025,ABONO DOMI. 860031028 CENTRO CORPORATIVO,,"3,924,752.00","8,496,832.20",08-Agosto.pdf
895,28-08-2025,28-08-2025,CARGO POR IMPUESTO 4X1.000,106.00,,"8,496,726.20",08-Agosto.pdf
896,28-08-2025,28-08-2025,COMPRA POS ASC DLO*DiDi Food CO,"26,448.00",,"8,470,278.20",08-Agosto.pdf
897,28-08-2025,28-08-2025,CARGO POR IMPUESTO 4X1.000,135.00,,"8,470,143.20",08-Agosto.pdf
898,28-08-2025,28-08-2025,COMPRA POS ASC TDA D CAFE JUAN V,"33,800.00",,"8,436,343.20",08-Agosto.pdf
899,29-08-2025,31-08-2025,ABONO POR INTERESES DE CUENTA,,66.00,"8,436,409.20",08-Agosto.pdf
