ID,Fecha transaccion,Fecha reflejado,Descripcion,Cargos,Abonos,Saldo,source_pdf,Descripcion detalle,Categoria movimiento,Movimientos Agrupados
222,02-01-2025,02-01-2025,IMPUESTO DECRETO,600.0,,10185918.26,01-Enero.pdf,Impuesto,Impuesto,Obligaciones
223,02-01-2025,02-01-2025,CAR DOMI TRA1030673038,150000.0,,10035918.26,01-Enero.pdf,Otro,Otro,Otro
224,02-01-2025,02-01-2025,DEV CAR TRATRANSFERE,,150000.0,10185918.26,01-Enero.pdf,Otro,Otro,Otro
225,03-01-2025,03-01-2025,IMPUESTO DECRETO,280.0,,10185638.26,01-Enero.pdf,Impuesto,Impuesto,Obligaciones
226,03-01-2025,03-01-2025,COMPRA POS ASC MISTER POMPY MANI,69900.0,,10115738.26,01-Enero.pdf,Otro,Otro,Otro
227,06-01-2025,07-01-2025,IMPUESTO DECRETO,19.0,,10115719.26,01-Enero.pdf,Impuesto,Impuesto,Obligaciones
228,06-01-2025,07-01-2025,COMPRA POS RED SR BONO TERMINAL,4700.0,,10111019.26,01-Enero.pdf,Sr Bono,Comida,Gustos
229,07-01-2025,07-01-2025,IMPUESTO DECRETO,1.0,,10111018.26,01-Enero.pdf,Impuesto,Impuesto,Obligaciones
230,07-01-2025,07-01-2025,COMPRA POS ASC TAXIS LIBRES,233.0,,10110785.26,01-Enero.pdf,Taxi,Transporte,Necesidades
231,07-01-2025,07-01-2025,ANU. COM DECRETO,,1.0,10110786.26,01-Enero.pdf,Otro,Otro,Otro
232,07-01-2025,07-01-2025,REVERSO COMPRA POS,,233.0,10111019.26,01-Enero.pdf,Otro,Otro,Otro
233,07-01-2025,07-01-2025,IMPUESTO DECRETO,85.0,,10110934.26,01-Enero.pdf,Impuesto,Impuesto,Obligaciones
234,07-01-2025,07-01-2025,COMPRA POS RED TAXIS LIBRES BOGO,21300.0,,10089634.26,01-Enero.pdf,Taxi,Transporte,Necesidades
235,08-01-2025,08-01-2025,IMPUESTO DECRETO,22.0,,10089612.26,01-Enero.pdf,Impuesto,Impuesto,Obligaciones
236,08-01-2025,08-01-2025,COMPRA POS ASC ALIEXPRESS COM,5425.27,,10084186.99,01-Enero.pdf,Aliexpress,Aplicaciones,Gustos
237,10-01-2025,10-01-2025,IMPUESTO DECRETO,200.0,,10083986.99,01-Enero.pdf,Impuesto,Impuesto,Obligaciones
238,10-01-2025,10-01-2025,RETIRO CAJERO BBVA BARRIO RESTREPO,50000.0,,10033986.99,01-Enero.pdf,Retiro Cajero,Retiro Cajero,Otro
239,10-01-2025,10-01-2025,IMPUESTO DECRETO,407.0,,10033579.99,01-Enero.pdf,Impuesto,Impuesto,Obligaciones
240,10-01-2025,10-01-2025,COMPRA POS ASC NOTAR,101860.0,,9931719.99,01-Enero.pdf,Otro,Otro,Otro
241,11-01-2025,13-01-2025,IMPUESTO DECRETO,65.0,,9931654.99,01-Enero.pdf,Impuesto,Impuesto,Obligaciones
242,11-01-2025,13-01-2025,COMPRA POS RED H13 CREPESYWAFFLE,16200.0,,9915454.99,01-Enero.pdf,Crepes y Waffle,Comida,Gustos
243,12-01-2025,13-01-2025,IMPUESTO DECRETO,239.0,,9915215.99,01-Enero.pdf,Impuesto,Impuesto,Obligaciones
244,12-01-2025,13-01-2025,COMPRA POS ASC KFC 7-17,59800.0,,9855415.99,01-Enero.pdf,KFC,Comida,Gustos
245,13-01-2025,13-01-2025,IMPUESTO DECRETO,196.0,,9855219.99,01-Enero.pdf,Impuesto,Impuesto,Obligaciones
246,13-01-2025,13-01-2025,COMPRA POS ASC CENTRO COLOMBO AM,49000.0,,9806219.99,01-Enero.pdf,Otro,Otro,Otro
247,14-01-2025,14-01-2025,IMPUESTO DECRETO,400.0,,9805819.99,01-Enero.pdf,Impuesto,Impuesto,Obligaciones
248,14-01-2025,14-01-2025,RETIRO CAJERO BBVA BARRIO RESTREPO,100000.0,,9705819.99,01-Enero.pdf,Retiro Cajero,Retiro Cajero,Otro
249,14-01-2025,14-01-2025,IMPUESTO DECRETO,209.0,,9705610.99,01-Enero.pdf,Impuesto,Impuesto,Obligaciones
250,14-01-2025,14-01-2025,COMPRA POS ASC JUAN VALDEZ PLAZA,52300.0,,9653310.99,01-Enero.pdf,Juan Valdez,Cafe,Gustos
251,14-01-2025,14-01-2025,ANU. COM DECRETO,,209.0,9653519.99,01-Enero.pdf,Otro,Otro,Otro
252,14-01-2025,14-01-2025,REVERSO COMPRA POS,,52300.0,9705819.99,01-Enero.pdf,Otro,Otro,Otro
253,14-01-2025,14-01-2025,IMPUESTO DECRETO,209.0,,9705610.99,01-Enero.pdf,Impuesto,Impuesto,Obligaciones
254,14-01-2025,14-01-2025,COMPRA POS ASC JUAN VALDEZ PLAZA,52300.0,,9653310.99,01-Enero.pdf,Juan Valdez,Cafe,Gustos
255,14-01-2025,14-01-2025,IMPUESTO DECRETO,184.0,,9653126.99,01-Enero.pdf,Impuesto,Impuesto,Obligaciones
256,14-01-2025,14-01-2025,COMPRA POS ASC SANDWICH SALSA DE,46000.0,,9607126.99,01-Enero.pdf,Sandwich,Comida,Gustos
257,15-01-2025,15-01-2025,IMPUESTO DECRETO,50.0,,9607076.99,01-Enero.pdf,Impuesto,Impuesto,Obligaciones
258,15-01-2025,15-01-2025,COMPRA POS ASC OXXO SANTA MATILD,12400.0,,9594676.99,01-Enero.pdf,OXXO,Comida,Gustos
259,17-01-2025,20-01-2025,IMPUESTO DECRETO,110.0,,9594566.99,01-Enero.pdf,Impuesto,Impuesto,Obligaciones
260,17-01-2025,20-01-2025,COMPRA POS ASC aliexpress,27416.94,,9567150.05,01-Enero.pdf,Aliexpress,Aplicaciones,Gustos
261,18-01-2025,20-01-2025,IMPUESTO DECRETO,943.0,,9566207.05,01-Enero.pdf,Impuesto,Impuesto,Obligaciones
262,18-01-2025,20-01-2025,COMPRA POS RED CALENTAO DE LA OC,235800.0,,9330407.05,01-Enero.pdf,Otro,Otro,Otro
263,18-01-2025,20-01-2025,IMPUESTO DECRETO,34.0,,9330373.05,01-Enero.pdf,Impuesto,Impuesto,Obligaciones
264,18-01-2025,20-01-2025,COMPRA POS ASC CRUZ VERDE ACUNA,8400.0,,9321973.05,01-Enero.pdf,Cruz Verde,Farmacia,Salud
265,20-01-2025,20-01-2025,IMPUESTO DECRETO,282.0,,9321691.05,01-Enero.pdf,Impuesto,Impuesto,Obligaciones
266,20-01-2025,20-01-2025,COMPRA POS ASC ALIEXPRESS COM,70376.85,,9251314.2,01-Enero.pdf,Aliexpress,Aplicaciones,Gustos
267,21-01-2025,21-01-2025,IMPUESTO DECRETO,335.0,,9250979.2,01-Enero.pdf,Impuesto,Impuesto,Obligaciones
268,21-01-2025,21-01-2025,COMPRA POS ASC HAMBURGUESAS EL C,83800.0,,9167179.2,01-Enero.pdf,Corral,Comida,Gustos
269,26-01-2025,27-01-2025,IMPUESTO DECRETO,862.0,,9166317.2,01-Enero.pdf,Impuesto,Impuesto,Obligaciones
270,26-01-2025,27-01-2025,PAGO ENLACE DE APLICATIVO,215390.0,,8950927.2,01-Enero.pdf,Otro,Otro,Otro
271,26-01-2025,27-01-2025,IMPUESTO DECRETO,218.0,,8950709.2,01-Enero.pdf,Impuesto,Impuesto,Obligaciones
272,26-01-2025,27-01-2025,COMPRA POS ASC VARIETALE,54411.0,,8896298.2,01-Enero.pdf,Otro,Otro,Otro
273,26-01-2025,27-01-2025,IMPUESTO DECRETO,161.0,,8896137.2,01-Enero.pdf,Impuesto,Impuesto,Obligaciones
274,26-01-2025,27-01-2025,COMPRA POS RED TIENDA D1 TIBANA,40240.0,,8855897.2,01-Enero.pdf,D1,Mercado,Necesidades
275,27-01-2025,27-01-2025,IMPUESTO DECRETO,200.0,,8855697.2,01-Enero.pdf,Impuesto,Impuesto,Obligaciones
276,27-01-2025,27-01-2025,RETIRO CAJERO BBVA BARRIO RESTREPO,50000.0,,8805697.2,01-Enero.pdf,Retiro Cajero,Retiro Cajero,Otro
277,28-01-2025,28-01-2025,IMPUESTO DECRETO,29.0,,8805668.2,01-Enero.pdf,Impuesto,Impuesto,Obligaciones
278,28-01-2025,28-01-2025,COMPRA POS ASC OXXO SANTA MATILD,7150.0,,8798518.2,01-Enero.pdf,OXXO,Comida,Gustos
279,30-01-2025,30-01-2025,ABONO DOMI. 860031028 CENTRO CORPORATIVO,,3616378.0,12414896.2,01-Enero.pdf,Otro,Otro,Otro
280,30-01-2025,30-01-2025,IMPUESTO DECRETO,800.0,,12414096.2,01-Enero.pdf,Impuesto,Impuesto,Obligaciones
281,30-01-2025,30-01-2025,PAGO PSE COMERCIO O FACTURA ENLACE DE APLICATIVO,200000.0,,12214096.2,01-Enero.pdf,Otro,Otro,Otro
282,30-01-2025,31-01-2025,IMPUESTO DECRETO,134.0,,12213962.2,01-Enero.pdf,Impuesto,Impuesto,Obligaciones
283,30-01-2025,31-01-2025,COMPRA POS ASC ALIEXPRESS COM,33380.01,,12180582.19,01-Enero.pdf,Aliexpress,Aplicaciones,Gustos
284,31-01-2025,31-01-2025,ABONO INTERESES GANADOS,,98.0,12180680.19,01-Enero.pdf,Otro,Otro,Otro
285,01-02-2025,03-02-2025,IMPUESTO DECRETO,400.0,,12180280.19,02-Febrero.pdf,Impuesto,Impuesto,Obligaciones
286,01-02-2025,03-02-2025,RETIRO CAJERO BBVA BARRIO RESTREPO,100000.0,,12080280.19,02-Febrero.pdf,Retiro Cajero,Retiro Cajero,Otro
287,01-02-2025,03-02-2025,IMPUESTO DECRETO,13.0,,12080267.19,02-Febrero.pdf,Impuesto,Impuesto,Obligaciones
288,01-02-2025,03-02-2025,COMPRA SEGURO DE HURTO ATM BARRIO RESTREPO,3350.0,,12076917.19,02-Febrero.pdf,Seguro Hurto,Seguro,Obligaciones
289,02-02-2025,03-02-2025,IMPUESTO DECRETO,160.0,,12076757.19,02-Febrero.pdf,Impuesto,Impuesto,Obligaciones
290,02-02-2025,03-02-2025,COMPRA POS ASC CAPCUT,39900.0,,12036857.19,02-Febrero.pdf,Otro,Otro,Otro
291,03-02-2025,03-02-2025,IMPUESTO DECRETO,56.0,,12036801.19,02-Febrero.pdf,Impuesto,Impuesto,Obligaciones
292,03-02-2025,03-02-2025,COMPRA POS RED H11 CREPESYWAFFLE,13900.0,,12022901.19,02-Febrero.pdf,Crepes y Waffle,Comida,Gustos
293,04-02-2025,04-02-2025,IMPUESTO DECRETO,2000.0,,12020901.19,02-Febrero.pdf,Impuesto,Impuesto,Obligaciones
294,04-02-2025,04-02-2025,PAGO PSE COMERCIO O FACTURA ENLACE DE APLICATIVO,500000.0,,11520901.19,02-Febrero.pdf,Otro,Otro,Otro
295,05-02-2025,05-02-2025,IMPUESTO DECRETO,148.0,,11520753.19,02-Febrero.pdf,Impuesto,Impuesto,Obligaciones
296,05-02-2025,05-02-2025,COMPRA POS ASC CORRAL TITAN,36900.0,,11483853.19,02-Febrero.pdf,Corral,Comida,Gustos
297,06-02-2025,06-02-2025,IMPUESTO DECRETO,3876.0,,11479977.19,02-Febrero.pdf,Impuesto,Impuesto,Obligaciones
298,06-02-2025,06-02-2025,COMPRA POS ASC CENTRO COLOMBO AM,969000.0,,10510977.19,02-Febrero.pdf,Otro,Otro,Otro
299,07-02-2025,07-02-2025,IMPUESTO DECRETO,18.0,,10510959.19,02-Febrero.pdf,Impuesto,Impuesto,Obligaciones
300,07-02-2025,07-02-2025,COMPRA POS RED OMA TENJO SIEMENS,4500.0,,10506459.19,02-Febrero.pdf,Oma,Cafe,Gustos
301,07-02-2025,07-02-2025,IMPUESTO DECRETO,200.0,,10506259.19,02-Febrero.pdf,Impuesto,Impuesto,Obligaciones
302,07-02-2025,07-02-2025,RETIRO CAJERO BBVA,50000.0,,10456259.19,02-Febrero.pdf,Retiro Cajero,Retiro Cajero,Otro
303,09-02-2025,10-02-2025,IMPUESTO DECRETO,263.0,,10455996.19,02-Febrero.pdf,Impuesto,Impuesto,Obligaciones
304,09-02-2025,10-02-2025,COMPRA POS ASC CHORILONGO,65715.0,,10390281.19,02-Febrero.pdf,Longo,Comida,Gustos
305,10-02-2025,10-02-2025,IMPUESTO DECRETO,291.0,,10389990.19,02-Febrero.pdf,Impuesto,Impuesto,Obligaciones
306,10-02-2025,10-02-2025,COMPRA POS ASC LA GRANDE CANT CE,72745.0,,10317245.19,02-Febrero.pdf,Otro,Otro,Otro
307,11-02-2025,11-02-2025,IMPUESTO DECRETO,620.0,,10316625.19,02-Febrero.pdf,Impuesto,Impuesto,Obligaciones
308,11-02-2025,11-02-2025,Transferiste desde BBVA MOVIL a Natalia Gonzalez ENLACE,155000.0,,10161625.19,02-Febrero.pdf,Otro,Otro,Otro
309,11-02-2025,11-02-2025,IMPUESTO DECRETO,90.0,,10161535.19,02-Febrero.pdf,Impuesto,Impuesto,Obligaciones
310,11-02-2025,11-02-2025,COMPRA POS ASC NEWREST CATERING,22400.0,,10139135.19,02-Febrero.pdf,Newrest catering,Comida,Gustos
311,11-02-2025,11-02-2025,IMPUESTO DECRETO,84.0,,10139051.19,02-Febrero.pdf,Impuesto,Impuesto,Obligaciones
312,11-02-2025,11-02-2025,COMPRA POS RED OMA TENJO SIEMENS,20900.0,,10118151.19,02-Febrero.pdf,Oma,Cafe,Gustos
313,12-02-2025,12-02-2025,IMPUESTO DECRETO,200.0,,10117951.19,02-Febrero.pdf,Impuesto,Impuesto,Obligaciones
314,12-02-2025,12-02-2025,RETIRO CAJERO BBVA BARRIO RESTREPO,50000.0,,10067951.19,02-Febrero.pdf,Retiro Cajero,Retiro Cajero,Otro
315,13-02-2025,14-02-2025,IMPUESTO DECRETO,156.0,,10067795.19,02-Febrero.pdf,Impuesto,Impuesto,Obligaciones
316,13-02-2025,14-02-2025,COMPRA POS RED BOGOTA BEER COMPA,38900.0,,10028895.19,02-Febrero.pdf,Bogota Beer,Recreacion,Gustos
317,13-02-2025,14-02-2025,IMPUESTO DECRETO,37.0,,10028858.19,02-Febrero.pdf,Impuesto,Impuesto,Obligaciones
318,13-02-2025,14-02-2025,COMPRA POS ASC OXXO SANTA MATILD,9200.0,,10019658.19,02-Febrero.pdf,OXXO,Comida,Gustos
319,14-02-2025,14-02-2025,IMPUESTO DECRETO,181.0,,10019477.19,02-Febrero.pdf,Impuesto,Impuesto,Obligaciones
320,14-02-2025,14-02-2025,COMPRA POS ASC ILFORNO WAJACA TI,45277.0,,9974200.19,02-Febrero.pdf,Ilforno,Comida,Gustos
321,16-02-2025,17-02-2025,IMPUESTO DECRETO,77.0,,9974123.19,02-Febrero.pdf,Impuesto,Impuesto,Obligaciones
322,16-02-2025,17-02-2025,COMPRA POS ASC aliexpress,19280.79,,9954842.4,02-Febrero.pdf,Aliexpress,Aplicaciones,Gustos
323,17-02-2025,18-02-2025,IMPUESTO DECRETO,47.0,,9954795.4,02-Febrero.pdf,Impuesto,Impuesto,Obligaciones
324,17-02-2025,18-02-2025,COMPRA POS ASC OXXO SANTA MATILD,11850.0,,9942945.4,02-Febrero.pdf,OXXO,Comida,Gustos
325,18-02-2025,18-02-2025,IMPUESTO DECRETO,400.0,,9942545.4,02-Febrero.pdf,Impuesto,Impuesto,Obligaciones
326,18-02-2025,18-02-2025,RETIRO CAJERO BBVA BARRIO RESTREPO,100000.0,,9842545.4,02-Febrero.pdf,Retiro Cajero,Retiro Cajero,Otro
327,19-02-2025,19-02-2025,IMPUESTO DECRETO,88.0,,9842457.4,02-Febrero.pdf,Impuesto,Impuesto,Obligaciones
328,19-02-2025,19-02-2025,COMPRA POS ASC TJV BARRA INST MA,22000.0,,9820457.4,02-Febrero.pdf,Otro,Otro,Otro
329,23-02-2025,24-02-2025,IMPUESTO DECRETO,599.0,,9819858.4,02-Febrero.pdf,Impuesto,Impuesto,Obligaciones
330,23-02-2025,24-02-2025,PAGO ENLACE DE APLICATIVO,149860.0,,9669998.4,02-Febrero.pdf,Otro,Otro,Otro
331,24-02-2025,24-02-2025,IMPUESTO DECRETO,15.0,,9669983.4,02-Febrero.pdf,Impuesto,Impuesto,Obligaciones
332,24-02-2025,24-02-2025,COMPRA POS RED MAKRO AVE BOYACA,3800.0,,9666183.4,02-Febrero.pdf,Makro,Aseo y hogar,Necesidades
333,24-02-2025,24-02-2025,IMPUESTO DECRETO,700.0,,9665483.4,02-Febrero.pdf,Impuesto,Impuesto,Obligaciones
334,24-02-2025,24-02-2025,COMPRA POS ASC LIBRERIA Y D/DORA,175000.0,,9490483.4,02-Febrero.pdf,Libros,Libros,Gustos
335,25-02-2025,25-02-2025,IMPUESTO DECRETO,284.0,,9490199.4,02-Febrero.pdf,Impuesto,Impuesto,Obligaciones
336,25-02-2025,25-02-2025,COMPRA POS ASC BRASAS Y POLLOS M,70900.0,,9419299.4,02-Febrero.pdf,Brasas y Pollos,Comida,Gustos
337,26-02-2025,26-02-2025,IMPUESTO DECRETO,1680.0,,9417619.4,02-Febrero.pdf,Impuesto,Impuesto,Obligaciones
338,26-02-2025,26-02-2025,COMPRA POS RED CONSULTORIO ODONT,420000.0,,8997619.4,02-Febrero.pdf,Odontologo,Odontologo,Salud
339,26-02-2025,26-02-2025,IMPUESTO DECRETO,140.0,,8997479.4,02-Febrero.pdf,Impuesto,Impuesto,Obligaciones
340,26-02-2025,26-02-2025,COMPRA POS ASC BOLD*radiologico,35000.0,,8962479.4,02-Febrero.pdf,Radiologo,Radiologo,Salud
341,26-02-2025,26-02-2025,IMPUESTO DECRETO,200.0,,8962279.4,02-Febrero.pdf,Impuesto,Impuesto,Obligaciones
342,26-02-2025,26-02-2025,PAGO PSE COMERCIO O FACTURA ENLACE DE APLICATIVO,50000.0,,8912279.4,02-Febrero.pdf,Otro,Otro,Otro
343,27-02-2025,27-02-2025,ABONO DOMI. 860031028 CENTRO CORPORATIVO,,3468330.0,12380609.4,02-Febrero.pdf,Otro,Otro,Otro
344,27-02-2025,27-02-2025,IMPUESTO DECRETO,284.0,,12380325.4,02-Febrero.pdf,Impuesto,Impuesto,Obligaciones
345,27-02-2025,27-02-2025,COMPRA POS ASC BRASAS Y POLLOS M,70900.0,,12309425.4,02-Febrero.pdf,Brasas y Pollos,Comida,Gustos
346,28-02-2025,28-02-2025,ABONO INTERESES GANADOS,,105.0,12309530.4,02-Febrero.pdf,Otro,Otro,Otro
347,01-03-2025,03-03-2025,IMPUESTO DECRETO,94.0,,12309436.4,03-Marzo.pdf,Impuesto,Impuesto,Obligaciones
348,01-03-2025,03-03-2025,COMPRA POS ASC BOLD*T Tea For U,23500.0,,12285936.4,03-Marzo.pdf,Tea for U,Comida,Gustos
349,03-03-2025,03-03-2025,IMPUESTO DECRETO,361.0,,12285575.4,03-Marzo.pdf,Impuesto,Impuesto,Obligaciones
350,03-03-2025,03-03-2025,COMPRA POS ASC DROGAS LA REBAJA,90300.0,,12195275.4,03-Marzo.pdf,Drogeria,Farmacia,Salud
351,03-03-2025,04-03-2025,IMPUESTO DECRETO,145.0,,12195130.4,03-Marzo.pdf,Impuesto,Impuesto,Obligaciones
352,03-03-2025,04-03-2025,COMPRA POS ASC ALIEXPRESS COM,36331.51,,12158798.89,03-Marzo.pdf,Aliexpress,Aplicaciones,Gustos
353,04-03-2025,04-03-2025,IMPUESTO DECRETO,32.0,,12158766.89,03-Marzo.pdf,Impuesto,Impuesto,Obligaciones
354,04-03-2025,04-03-2025,COMPRA POS ASC TDA DE CAFE JUAN,7900.0,,12150866.89,03-Marzo.pdf,Juan Valdez,Cafe,Gustos
355,06-03-2025,06-03-2025,IMPUESTO DECRETO,2796.0,,12148070.89,03-Marzo.pdf,Impuesto,Impuesto,Obligaciones
356,06-03-2025,06-03-2025,PAGO PSE COMERCIO O FACTURA ENLACE DE APLICATIVO,699000.0,,11449070.89,03-Marzo.pdf,Otro,Otro,Otro
357,07-03-2025,07-03-2025,IMPUESTO DECRETO,284.0,,11448786.89,03-Marzo.pdf,Impuesto,Impuesto,Obligaciones
358,07-03-2025,07-03-2025,COMPRA POS ASC BRASAS Y POLLOS M,70900.0,,11377886.89,03-Marzo.pdf,Brasas y Pollos,Comida,Gustos
359,07-03-2025,07-03-2025,IMPUESTO DECRETO,40.0,,11377846.89,03-Marzo.pdf,Impuesto,Impuesto,Obligaciones
360,07-03-2025,07-03-2025,COMPRA POS ASC CAC*LA FARMACIA C,10000.0,,11367846.89,03-Marzo.pdf,Farmacia,Farmacia,Salud
361,07-03-2025,10-03-2025,IMPUESTO DECRETO,206.0,,11367640.89,03-Marzo.pdf,Impuesto,Impuesto,Obligaciones
362,07-03-2025,10-03-2025,COMPRA POS ASC M J E FOOD,51400.0,,11316240.89,03-Marzo.pdf,Otro,Otro,Otro
363,11-03-2025,11-03-2025,IMPUESTO DECRETO,1200.0,,11315040.89,03-Marzo.pdf,Impuesto,Impuesto,Obligaciones
364,11-03-2025,11-03-2025,RETIRO CAJERO BBVA BARRIO RESTREPO,300000.0,,11015040.89,03-Marzo.pdf,Retiro Cajero,Retiro Cajero,Otro
365,11-03-2025,11-03-2025,IMPUESTO DECRETO,1117.0,,11013923.89,03-Marzo.pdf,Impuesto,Impuesto,Obligaciones
366,11-03-2025,11-03-2025,COMPRA POS RED RESTAURANTE LA FE,279157.0,,10734766.89,03-Marzo.pdf,Restaurante,Comida,Gustos
367,11-03-2025,11-03-2025,IMPUESTO DECRETO,29.0,,10734737.89,03-Marzo.pdf,Impuesto,Impuesto,Obligaciones
368,11-03-2025,11-03-2025,COMPRA POS ASC TDA DE CAFE JUAN,7300.0,,10727437.89,03-Marzo.pdf,Juan Valdez,Cafe,Gustos
369,12-03-2025,12-03-2025,IMPUESTO DECRETO,46.0,,10727391.89,03-Marzo.pdf,Impuesto,Impuesto,Obligaciones
370,12-03-2025,12-03-2025,COMPRA POS ASC TDA DE CAFE JUAN,11500.0,,10715891.89,03-Marzo.pdf,Juan Valdez,Cafe,Gustos
371,14-03-2025,14-03-2025,IMPUESTO DECRETO,76.0,,10715815.89,03-Marzo.pdf,Impuesto,Impuesto,Obligaciones
372,14-03-2025,14-03-2025,COMPRA POS RED CENTRO EMPRESARIA,19100.0,,10696715.89,03-Marzo.pdf,Otro,Otro,Otro
373,15-03-2025,17-03-2025,IMPUESTO DECRETO,380.0,,10696335.89,03-Marzo.pdf,Impuesto,Impuesto,Obligaciones
374,15-03-2025,17-03-2025,COMPRA POS ASC BOLD*Restaurante,95000.0,,10601335.89,03-Marzo.pdf,Restaurante,Comida,Gustos
375,15-03-2025,17-03-2025,IMPUESTO DECRETO,280.0,,10601055.89,03-Marzo.pdf,Impuesto,Impuesto,Obligaciones
376,15-03-2025,17-03-2025,COMPRA POS RED HOME BURGERS 20 C,70100.0,,10530955.89,03-Marzo.pdf,Home Burger,Comida,Gustos
377,15-03-2025,17-03-2025,IMPUESTO DECRETO,94.0,,10530861.89,03-Marzo.pdf,Impuesto,Impuesto,Obligaciones
378,15-03-2025,17-03-2025,COMPRA POS RED AV DORADO PREMIUM,23500.0,,10507361.89,03-Marzo.pdf,AV Dorado Premium,Otro,Otro
379,16-03-2025,17-03-2025,IMPUESTO DECRETO,662.0,,10506699.89,03-Marzo.pdf,Impuesto,Impuesto,Obligaciones
380,16-03-2025,17-03-2025,COMPRA POS ASC PANAMERICANA LIB,165400.0,,10341299.89,03-Marzo.pdf,Panamericana,Panamericana,Gustos
381,16-03-2025,17-03-2025,IMPUESTO DECRETO,104.0,,10341195.89,03-Marzo.pdf,Impuesto,Impuesto,Obligaciones
382,16-03-2025,17-03-2025,COMPRA POS RED DUNKIN DONUTS,26000.0,,10315195.89,03-Marzo.pdf,Dunkin Donuts,Comida,Gustos
383,16-03-2025,17-03-2025,IMPUESTO DECRETO,65.0,,10315130.89,03-Marzo.pdf,Impuesto,Impuesto,Obligaciones
384,16-03-2025,17-03-2025,COMPRA POS ASC DROGUERIA CRUZ VE,16293.0,,10298837.89,03-Marzo.pdf,Drogeria,Farmacia,Salud
385,16-03-2025,17-03-2025,IMPUESTO DECRETO,1055.0,,10297782.89,03-Marzo.pdf,Impuesto,Impuesto,Obligaciones
386,16-03-2025,17-03-2025,COMPRA POS ASC LC SM PLAZA DE LA,263800.0,,10033982.89,03-Marzo.pdf,Otro,Otro,Otro
387,17-03-2025,17-03-2025,IMPUESTO DECRETO,32.0,,10033950.89,03-Marzo.pdf,Impuesto,Impuesto,Obligaciones
388,17-03-2025,17-03-2025,COMPRA POS ASC TDA DE CAFE JUAN,7900.0,,10026050.89,03-Marzo.pdf,Juan Valdez,Cafe,Gustos
389,19-03-2025,19-03-2025,IMPUESTO DECRETO,270.0,,10025780.89,03-Marzo.pdf,Impuesto,Impuesto,Obligaciones
390,19-03-2025,19-03-2025,COMPRA POS RED FRISBY TITAN,67500.0,,9958280.89,03-Marzo.pdf,Frisby,Comida,Gustos
391,19-03-2025,19-03-2025,IMPUESTO DECRETO,32.0,,9958248.89,03-Marzo.pdf,Impuesto,Impuesto,Obligaciones
392,19-03-2025,19-03-2025,COMPRA POS ASC TDA DE CAFE JUAN,7900.0,,9950348.89,03-Marzo.pdf,Juan Valdez,Cafe,Gustos
393,20-03-2025,20-03-2025,IMPUESTO DECRETO,181.0,,9950167.89,03-Marzo.pdf,Impuesto,Impuesto,Obligaciones
394,20-03-2025,20-03-2025,COMPRA POS ASC ILFORNO WAJACA TI,45277.0,,9904890.89,03-Marzo.pdf,Ilforno,Comida,Gustos
395,21-03-2025,21-03-2025,IMPUESTO DECRETO,1200.0,,9903690.89,03-Marzo.pdf,Impuesto,Impuesto,Obligaciones
396,21-03-2025,21-03-2025,PAGO PSE COMERCIO O FACTURA ENLACE DE APLICATIVO,300000.0,,9603690.89,03-Marzo.pdf,Otro,Otro,Otro
397,21-03-2025,21-03-2025,IMPUESTO DECRETO,46.0,,9603644.89,03-Marzo.pdf,Impuesto,Impuesto,Obligaciones
398,21-03-2025,21-03-2025,COMPRA POS ASC TDA DE CAFE JUAN,11500.0,,9592144.89,03-Marzo.pdf,Juan Valdez,Cafe,Gustos
399,21-03-2025,25-03-2025,IMPUESTO DECRETO,128.0,,9592016.89,03-Marzo.pdf,Impuesto,Impuesto,Obligaciones
400,21-03-2025,25-03-2025,COMPRA POS ASC ALIEXPRESS COM,31938.69,,9560078.2,03-Marzo.pdf,Aliexpress,Aplicaciones,Gustos
401,25-03-2025,25-03-2025,IMPUESTO DECRETO,609.0,,9559469.2,03-Marzo.pdf,Impuesto,Impuesto,Obligaciones
402,25-03-2025,25-03-2025,PAGO ENLACE DE APLICATIVO,152290.0,,9407179.2,03-Marzo.pdf,Otro,Otro,Otro
403,25-03-2025,25-03-2025,IMPUESTO DECRETO,32.0,,9407147.2,03-Marzo.pdf,Impuesto,Impuesto,Obligaciones
404,25-03-2025,25-03-2025,COMPRA POS ASC TDA DE CAFE JUAN,7900.0,,9399247.2,03-Marzo.pdf,Juan Valdez,Cafe,Gustos
405,26-03-2025,26-03-2025,IMPUESTO DECRETO,28.0,,9399219.2,03-Marzo.pdf,Impuesto,Impuesto,Obligaciones
406,26-03-2025,26-03-2025,COMPRA POS ASC TDA DE CAFE JUAN,6900.0,,9392319.2,03-Marzo.pdf,Juan Valdez,Cafe,Gustos
407,27-03-2025,27-03-2025,IMPUESTO DECRETO,61.0,,9392258.2,03-Marzo.pdf,Impuesto,Impuesto,Obligaciones
408,27-03-2025,27-03-2025,COMPRA POS ASC OXXO SANTA MATILD,15350.0,,9376908.2,03-Marzo.pdf,OXXO,Comida,Gustos
409,28-03-2025,28-03-2025,ABONO DOMI. 860031028 CENTRO CORPORATIVO,,3551790.0,12928698.2,03-Marzo.pdf,Otro,Otro,Otro
410,28-03-2025,28-03-2025,IMPUESTO DECRETO,36.0,,12928662.2,03-Marzo.pdf,Impuesto,Impuesto,Obligaciones
411,28-03-2025,28-03-2025,COMPRA POS ASC TDA DE CAFE JUAN,8900.0,,12919762.2,03-Marzo.pdf,Juan Valdez,Cafe,Gustos
412,29-03-2025,31-03-2025,IMPUESTO DECRETO,880.0,,12918882.2,03-Marzo.pdf,Impuesto,Impuesto,Obligaciones
413,29-03-2025,31-03-2025,COMPRA POS ASC ARBOL DE VIDA,220000.0,,12698882.2,03-Marzo.pdf,Psicologo,Psicologo,Salud
414,29-03-2025,31-03-2025,IMPUESTO DECRETO,1126.0,,12697756.2,03-Marzo.pdf,Impuesto,Impuesto,Obligaciones
415,29-03-2025,31-03-2025,COMPRA POS ASC BOLD*Ahumao Cilin,281430.0,,12416326.2,03-Marzo.pdf,Otro,Otro,Otro
416,29-03-2025,31-03-2025,IMPUESTO DECRETO,84.0,,12416242.2,03-Marzo.pdf,Impuesto,Impuesto,Obligaciones
417,29-03-2025,31-03-2025,COMPRA POS ASC FRATTOSAVERIO SAS,21000.0,,12395242.2,03-Marzo.pdf,Frattosaverio,Comida,Gustos
418,31-03-2025,31-03-2025,IMPUESTO DECRETO,58.0,,12395184.2,03-Marzo.pdf,Impuesto,Impuesto,Obligaciones
419,31-03-2025,31-03-2025,COMPRA POS ASC OXXO SANTA MATILD,14550.0,,12380634.2,03-Marzo.pdf,OXXO,Comida,Gustos
420,31-03-2025,31-03-2025,IMPUESTO DECRETO,32.0,,12380602.2,03-Marzo.pdf,Impuesto,Impuesto,Obligaciones
421,31-03-2025,31-03-2025,COMPRA POS ASC TDA DE CAFE JUAN,7900.0,,12372702.2,03-Marzo.pdf,Juan Valdez,Cafe,Gustos
422,31-03-2025,31-03-2025,ABONO INTERESES GANADOS,,110.0,12372812.2,03-Marzo.pdf,Otro,Otro,Otro
423,02-04-2025,02-04-2025,IMPUESTO DECRETO,36.0,,12372776.2,04-Abril.pdf,Impuesto,Impuesto,Obligaciones
424,02-04-2025,02-04-2025,COMPRA POS ASC TDA DE CAFE JUAN,8900.0,,12363876.2,04-Abril.pdf,Juan Valdez,Cafe,Gustos
425,03-04-2025,03-04-2025,IMPUESTO DECRETO,2796.0,,12361080.2,04-Abril.pdf,Impuesto,Impuesto,Obligaciones
426,03-04-2025,03-04-2025,PAGO PSE COMERCIO O FACTURA ENLACE DE APLICATIVO,699000.0,,11662080.2,04-Abril.pdf,Otro,Otro,Otro
427,03-04-2025,03-04-2025,IMPUESTO DECRETO,46.0,,11662034.2,04-Abril.pdf,Impuesto,Impuesto,Obligaciones
428,03-04-2025,03-04-2025,COMPRA POS ASC TDA DE CAFE JUAN,11500.0,,11650534.2,04-Abril.pdf,Juan Valdez,Cafe,Gustos
429,04-04-2025,04-04-2025,IMPUESTO DECRETO,356.0,,11650178.2,04-Abril.pdf,Impuesto,Impuesto,Obligaciones
430,04-04-2025,04-04-2025,COMPRA POS ASC KO ASIAN KITCHEN,88969.0,,11561209.2,04-Abril.pdf,KO,Comida,Gustos
431,04-04-2025,04-04-2025,IMPUESTO DECRETO,92.0,,11561117.2,04-Abril.pdf,Impuesto,Impuesto,Obligaciones
432,04-04-2025,04-04-2025,COMPRA POS ASC OXXO MULTICENTRO,22900.0,,11538217.2,04-Abril.pdf,OXXO,Comida,Gustos
433,08-04-2025,08-04-2025,IMPUESTO DECRETO,46.0,,11538171.2,04-Abril.pdf,Impuesto,Impuesto,Obligaciones
434,08-04-2025,08-04-2025,COMPRA POS ASC TDA DE CAFE JUAN,11500.0,,11526671.2,04-Abril.pdf,Juan Valdez,Cafe,Gustos
435,10-04-2025,10-04-2025,IMPUESTO DECRETO,212.0,,11526459.2,04-Abril.pdf,Impuesto,Impuesto,Obligaciones
436,10-04-2025,10-04-2025,COMPRA POS ASC BRASAS Y POLLOS M,52900.0,,11473559.2,04-Abril.pdf,Brasas y Pollos,Comida,Gustos
437,10-04-2025,10-04-2025,IMPUESTO DECRETO,32.0,,11473527.2,04-Abril.pdf,Impuesto,Impuesto,Obligaciones
438,10-04-2025,10-04-2025,COMPRA POS ASC TDA DE CAFE JUAN,7900.0,,11465627.2,04-Abril.pdf,Juan Valdez,Cafe,Gustos
439,11-04-2025,11-04-2025,IMPUESTO DECRETO,32.0,,11465595.2,04-Abril.pdf,Impuesto,Impuesto,Obligaciones
440,11-04-2025,11-04-2025,COMPRA POS ASC TDA DE CAFE JUAN,7900.0,,11457695.2,04-Abril.pdf,Juan Valdez,Cafe,Gustos
441,13-04-2025,14-04-2025,IMPUESTO DECRETO,339.0,,11457356.2,04-Abril.pdf,Impuesto,Impuesto,Obligaciones
442,13-04-2025,14-04-2025,COMPRA POS ASC HAMBURGUESAS EL C,84800.0,,11372556.2,04-Abril.pdf,Corral,Comida,Gustos
443,13-04-2025,14-04-2025,IMPUESTO DECRETO,1792.0,,11370764.2,04-Abril.pdf,Impuesto,Impuesto,Obligaciones
444,13-04-2025,14-04-2025,COMPRA POS ASC TOTTO BOGOTA CENT,447920.0,,10922844.2,04-Abril.pdf,Totto,Ropa,Gustos
445,13-04-2025,14-04-2025,IMPUESTO DECRETO,408.0,,10922436.2,04-Abril.pdf,Impuesto,Impuesto,Obligaciones
446,13-04-2025,14-04-2025,COMPRA POS ASC DECATHLON CENTRO,102000.0,,10820436.2,04-Abril.pdf,Decathlon,Ropa,Gustos
447,13-04-2025,14-04-2025,IMPUESTO DECRETO,2050.0,,10818386.2,04-Abril.pdf,Impuesto,Impuesto,Obligaciones
448,13-04-2025,14-04-2025,COMPRA POS ASC ARTURO CALLE,512600.0,,10305786.2,04-Abril.pdf,Arturo Calle,Ropa,Gustos
449,13-04-2025,14-04-2025,IMPUESTO DECRETO,1000.0,,10304786.2,04-Abril.pdf,Impuesto,Impuesto,Obligaciones
450,13-04-2025,14-04-2025,COMPRA POS ASC BRAHMA CONCEPT,249900.0,,10054886.2,04-Abril.pdf,Otro,Otro,Otro
451,13-04-2025,14-04-2025,IMPUESTO DECRETO,11000.0,,10043886.2,04-Abril.pdf,Impuesto,Impuesto,Obligaciones
452,13-04-2025,14-04-2025,COMPRA POS ASC OPTICAS GMO COLOM,2750000.0,,7293886.2,04-Abril.pdf,Gafas,Gafas,Salud
453,13-04-2025,14-04-2025,IMPUESTO DECRETO,11.0,,7293875.2,04-Abril.pdf,Impuesto,Impuesto,Obligaciones
454,13-04-2025,14-04-2025,COMPRA POS ASC OXXO SANTA MATILD,2700.0,,7291175.2,04-Abril.pdf,OXXO,Comida,Gustos
455,13-04-2025,14-04-2025,IMPUESTO DECRETO,240.0,,7290935.2,04-Abril.pdf,Impuesto,Impuesto,Obligaciones
456,13-04-2025,14-04-2025,COMPRA POS ASC WL *STEAM PURCHAS,59999.0,,7230936.2,04-Abril.pdf,Otro,Otro,Otro
457,15-04-2025,15-04-2025,IMPUESTO DECRETO,155.0,,7230781.2,04-Abril.pdf,Impuesto,Impuesto,Obligaciones
458,15-04-2025,15-04-2025,COMPRA POS RED R35 CREPESYWAFFLE,38868.0,,7191913.2,04-Abril.pdf,Crepes y Waffle,Comida,Gustos
459,15-04-2025,15-04-2025,IMPUESTO DECRETO,1200.0,,7190713.2,04-Abril.pdf,Impuesto,Impuesto,Obligaciones
460,15-04-2025,15-04-2025,RETIRO CAJERO BBVA BARRIO RESTREPO,300000.0,,6890713.2,04-Abril.pdf,Retiro Cajero,Retiro Cajero,Otro
461,15-04-2025,15-04-2025,IMPUESTO DECRETO,116.0,,6890597.2,04-Abril.pdf,Impuesto,Impuesto,Obligaciones
462,15-04-2025,15-04-2025,COMPRA POS ASC DROGAS LA REBAJA,29000.0,,6861597.2,04-Abril.pdf,Drogeria,Farmacia,Salud
463,16-04-2025,16-04-2025,IMPUESTO DECRETO,1000.0,,6860597.2,04-Abril.pdf,Impuesto,Impuesto,Obligaciones
464,16-04-2025,16-04-2025,PAGO PSE COMERCIO O FACTURA ENLACE DE APLICATIVO,250000.0,,6610597.2,04-Abril.pdf,Otro,Otro,Otro
465,23-04-2025,24-04-2025,IMPUESTO DECRETO,28.0,,6610569.2,04-Abril.pdf,Impuesto,Impuesto,Obligaciones
466,23-04-2025,24-04-2025,COMPRA POS ASC OXXO SANTA MATILD,6950.0,,6603619.2,04-Abril.pdf,OXXO,Comida,Gustos
467,24-04-2025,24-04-2025,IMPUESTO DECRETO,623.0,,6602996.2,04-Abril.pdf,Impuesto,Impuesto,Obligaciones
468,24-04-2025,24-04-2025,PAGO ENLACE DE APLICATIVO,155810.0,,6447186.2,04-Abril.pdf,Otro,Otro,Otro
469,24-04-2025,24-04-2025,IMPUESTO DECRETO,162.0,,6447024.2,04-Abril.pdf,Impuesto,Impuesto,Obligaciones
470,24-04-2025,24-04-2025,COMPRA POS ASC EL CARNAL CITYU,40400.0,,6406624.2,04-Abril.pdf,El carnal,Comida,Gustos
471,26-04-2025,28-04-2025,IMPUESTO DECRETO,880.0,,6405744.2,04-Abril.pdf,Impuesto,Impuesto,Obligaciones
472,26-04-2025,28-04-2025,COMPRA POS ASC ARBOL DE VIDA,220000.0,,6185744.2,04-Abril.pdf,Psicologo,Psicologo,Salud
473,26-04-2025,28-04-2025,IMPUESTO DECRETO,210.0,,6185534.2,04-Abril.pdf,Impuesto,Impuesto,Obligaciones
474,26-04-2025,28-04-2025,COMPRA POS RED LA LUCHA SANGUCHE,52526.0,,6133008.2,04-Abril.pdf,La sangucheria,Comida,Gustos
475,27-04-2025,28-04-2025,IMPUESTO DECRETO,470.0,,6132538.2,04-Abril.pdf,Impuesto,Impuesto,Obligaciones
476,27-04-2025,28-04-2025,COMPRA POS RED CALENTAO DE LA OC,117600.0,,6014938.2,04-Abril.pdf,Otro,Otro,Otro
477,27-04-2025,28-04-2025,IMPUESTO DECRETO,10.0,,6014928.2,04-Abril.pdf,Impuesto,Impuesto,Obligaciones
478,27-04-2025,28-04-2025,COMPRA POS ASC OXXO LA ESTRELLA,2600.0,,6012328.2,04-Abril.pdf,OXXO,Comida,Gustos
479,27-04-2025,28-04-2025,IMPUESTO DECRETO,124.0,,6012204.2,04-Abril.pdf,Impuesto,Impuesto,Obligaciones
480,27-04-2025,28-04-2025,COMPRA POS ASC FULLCARGA COLOMBI,30900.0,,5981304.2,04-Abril.pdf,Fullcarga Colombia,Otro,Otro
481,28-04-2025,28-04-2025,IMPUESTO DECRETO,800.0,,5980504.2,04-Abril.pdf,Impuesto,Impuesto,Obligaciones
482,28-04-2025,28-04-2025,PAGO PSE COMERCIO O FACTURA ENLACE DE APLICATIVO,200000.0,,5780504.2,04-Abril.pdf,Otro,Otro,Otro
483,29-04-2025,29-04-2025,ABONO DOMI. 860031028 CENTRO CORPORATIVO,,3536800.0,9317304.2,04-Abril.pdf,Otro,Otro,Otro
484,29-04-2025,29-04-2025,IMPUESTO DECRETO,46.0,,9317258.2,04-Abril.pdf,Impuesto,Impuesto,Obligaciones
485,29-04-2025,29-04-2025,COMPRA POS ASC TDA DE CAFE JUAN,11500.0,,9305758.2,04-Abril.pdf,Juan Valdez,Cafe,Gustos
486,29-04-2025,29-04-2025,IMPUESTO DECRETO,18.0,,9305740.2,04-Abril.pdf,Impuesto,Impuesto,Obligaciones
487,29-04-2025,29-04-2025,COMPRA POS ASC SPID 35 CARRERA 3,4510.0,,9301230.2,04-Abril.pdf,Otro,Otro,Otro
488,30-04-2025,30-04-2025,ABONO INTERESES GANADOS,,89.0,9301319.2,04-Abril.pdf,Otro,Otro,Otro
488,30-04-2025,02-05-2025,CARGO POR IMPUESTO 4X1.000,512.0,,9300807.2,05-Mayo.pdf,Impuesto,Impuesto,Obligaciones
489,30-04-2025,02-05-2025,COMPRA POS ASC BREWPUB,128044.0,,9172763.2,05-Mayo.pdf,Brewpub,Comida,Gustos
491,01-05-2025,02-05-2025,CARGO POR IMPUESTO 4X1.000,1.0,,9172762.2,05-Mayo.pdf,Impuesto,Impuesto,Obligaciones
492,01-05-2025,02-05-2025,COMPRA POS ASC DLO*DiDi CO Payin,300.0,,9172462.2,05-Mayo.pdf,Didi,Aplicaciones,Gustos
493,01-05-2025,02-05-2025,ANU. COM DECRETO,,1.0,9172463.2,05-Mayo.pdf,Otro,Otro,Otro
494,01-05-2025,02-05-2025,REVERSO COMPRA POS,,300.0,9172763.2,05-Mayo.pdf,Otro,Otro,Otro
495,01-05-2025,02-05-2025,CARGO POR IMPUESTO 4X1.000,84.0,,9172679.2,05-Mayo.pdf,Impuesto,Impuesto,Obligaciones
496,01-05-2025,02-05-2025,COMPRA POS ASC DLO*DiDi Food CO,21050.0,,9151629.2,05-Mayo.pdf,Didi,Aplicaciones,Gustos
497,02-05-2025,02-05-2025,CARGO POR IMPUESTO 4X1.000,32.0,,9151597.2,05-Mayo.pdf,Impuesto,Impuesto,Obligaciones
498,02-05-2025,02-05-2025,COMPRA POS ASC TDA DE CAFE JUAN,7900.0,,9143697.2,05-Mayo.pdf,Juan Valdez,Cafe,Gustos
499,04-05-2025,05-05-2025,CARGO POR IMPUESTO 4X1.000,6352.0,,9137345.2,05-Mayo.pdf,Impuesto,Impuesto,Obligaciones
500,04-05-2025,05-05-2025,PAGO PSE COMERCIO O FACTURA ENLACE DE APLICATIVO,1588120.0,,7549225.2,05-Mayo.pdf,Otro,Otro,Otro
501,04-05-2025,05-05-2025,CARGO POR IMPUESTO 4X1.000,1471.0,,7547754.2,05-Mayo.pdf,Impuesto,Impuesto,Obligaciones
502,04-05-2025,05-05-2025,PAGO PSE COMERCIO O FACTURA ENLACE DE APLICATIVO,367700.0,,7180054.2,05-Mayo.pdf,Otro,Otro,Otro
503,04-05-2025,05-05-2025,CARGO POR IMPUESTO 4X1.000,366.0,,7179688.2,05-Mayo.pdf,Impuesto,Impuesto,Obligaciones
504,04-05-2025,05-05-2025,COMPRA POS ASC HOMECENTER CEDRIT,91500.0,,7088188.2,05-Mayo.pdf,Homecenter,Aseo y hogar,Necesidades
505,05-05-2025,06-05-2025,CARGO POR IMPUESTO 4X1.000,2656.0,,7085532.2,05-Mayo.pdf,Impuesto,Impuesto,Obligaciones
506,05-05-2025,06-05-2025,PAGO PSE COMERCIO O FACTURA ENLACE DE APLICATIVO,664050.0,,6421482.2,05-Mayo.pdf,Otro,Otro,Otro
507,06-05-2025,06-05-2025,RECIBISTE DINERO BBVA MOVIL ENLACE DE APLICATIVO,,9700.0,6431182.2,05-Mayo.pdf,Otro,Otro,Otro
508,07-05-2025,07-05-2025,CARGO POR IMPUESTO 4X1.000,36.0,,6431146.2,05-Mayo.pdf,Impuesto,Impuesto,Obligaciones
509,07-05-2025,07-05-2025,COMPRA POS ASC TDA DE CAFE JUAN,8900.0,,6422246.2,05-Mayo.pdf,Juan Valdez,Cafe,Gustos
510,08-05-2025,08-05-2025,CARGO POR IMPUESTO 4X1.000,36.0,,6422210.2,05-Mayo.pdf,Impuesto,Impuesto,Obligaciones
511,08-05-2025,08-05-2025,COMPRA POS ASC TDA DE CAFE JUAN,8900.0,,6413310.2,05-Mayo.pdf,Juan Valdez,Cafe,Gustos
512,09-05-2025,09-05-2025,CARGO POR IMPUESTO 4X1.000,7.0,,6413303.2,05-Mayo.pdf,Impuesto,Impuesto,Obligaciones
513,09-05-2025,09-05-2025,COMPRA POS RED NOVAVENTA BOG COD,1800.0,,6411503.2,05-Mayo.pdf,Novaventa,Otro,Otro
514,10-05-2025,12-05-2025,CARGO POR IMPUESTO 4X1.000,492.0,,6411011.2,05-Mayo.pdf,Impuesto,Impuesto,Obligaciones
515,10-05-2025,12-05-2025,COMPRA POS RED ALMACENES ATENAS,123000.0,,6288011.2,05-Mayo.pdf,Almacenes Atenas,Otro,Otro
516,10-05-2025,12-05-2025,CARGO POR IMPUESTO 4X1.000,267.0,,6287744.2,05-Mayo.pdf,Impuesto,Impuesto,Obligaciones
517,10-05-2025,12-05-2025,COMPRA POS ASC TIENDA D1 LOS JUN,66860.0,,6220884.2,05-Mayo.pdf,D1,Mercado,Necesidades
518,11-05-2025,12-05-2025,CARGO POR IMPUESTO 4X1.000,114.0,,6220770.2,05-Mayo.pdf,Impuesto,Impuesto,Obligaciones
519,11-05-2025,12-05-2025,COMPRA POS ASC MPO*MERCADO PAGO,28485.0,,6192285.2,05-Mayo.pdf,Mercado Libre,Mercado Libre,Necesidades
520,11-05-2025,12-05-2025,CARGO POR IMPUESTO 4X1.000,199.0,,6192086.2,05-Mayo.pdf,Impuesto,Impuesto,Obligaciones
521,11-05-2025,12-05-2025,COMPRA POS ASC ALIEXPRESS COM,49793.82,,6142292.38,05-Mayo.pdf,Aliexpress,Aplicaciones,Gustos
522,11-05-2025,12-05-2025,CARGO POR IMPUESTO 4X1.000,35.0,,6142257.38,05-Mayo.pdf,Impuesto,Impuesto,Obligaciones
523,11-05-2025,12-05-2025,COMPRA POS ASC aliexpress,8763.18,,6133494.2,05-Mayo.pdf,Aliexpress,Aplicaciones,Gustos
524,11-05-2025,12-05-2025,CARGO POR IMPUESTO 4X1.000,207.0,,6133287.2,05-Mayo.pdf,Impuesto,Impuesto,Obligaciones
525,11-05-2025,12-05-2025,COMPRA POS ASC LH CEDRITOS,51700.0,,6081587.2,05-Mayo.pdf,Otro,Otro,Otro
526,13-05-2025,13-05-2025,CARGO POR IMPUESTO 4X1.000,400.0,,6081187.2,05-Mayo.pdf,Impuesto,Impuesto,Obligaciones
527,13-05-2025,13-05-2025,PAGO PSE COMERCIO O FACTURA ENLACE DE APLICATIVO,100000.0,,5981187.2,05-Mayo.pdf,Otro,Otro,Otro
528,13-05-2025,13-05-2025,CARGO POR IMPUESTO 4X1.000,32.0,,5981155.2,05-Mayo.pdf,Impuesto,Impuesto,Obligaciones
529,13-05-2025,13-05-2025,COMPRA POS ASC TDA DE CAFE JUAN,7900.0,,5973255.2,05-Mayo.pdf,Juan Valdez,Cafe,Gustos
530,14-05-2025,14-05-2025,CARGO POR IMPUESTO 4X1.000,100.0,,5973155.2,05-Mayo.pdf,Impuesto,Impuesto,Obligaciones
531,14-05-2025,14-05-2025,PAGO PSE COMERCIO O FACTURA ENLACE DE APLICATIVO,25000.0,,5948155.2,05-Mayo.pdf,Otro,Otro,Otro
532,14-05-2025,14-05-2025,CARGO POR IMPUESTO 4X1.000,62.0,,5948093.2,05-Mayo.pdf,Impuesto,Impuesto,Obligaciones
533,14-05-2025,14-05-2025,COMPRA POS ASC DLO*DiDi Food CO,15580.0,,5932513.2,05-Mayo.pdf,Didi,Aplicaciones,Gustos
534,15-05-2025,15-05-2025,CARGO POR IMPUESTO 4X1.000,27.0,,5932486.2,05-Mayo.pdf,Impuesto,Impuesto,Obligaciones
535,15-05-2025,15-05-2025,COMPRA POS RED OMA TENJO SIEMENS,6800.0,,5925686.2,05-Mayo.pdf,Oma,Cafe,Gustos
536,15-05-2025,15-05-2025,CARGO POR IMPUESTO 4X1.000,119.0,,5925567.2,05-Mayo.pdf,Impuesto,Impuesto,Obligaciones
537,15-05-2025,15-05-2025,COMPRA POS RED TAXIS LIBRES BOGO,29800.0,,5895767.2,05-Mayo.pdf,Taxi,Transporte,Necesidades
538,16-05-2025,16-05-2025,RECIBISTE DINERO BBVA MOVIL ENLACE DE APLICATIVO,,13000.0,5908767.2,05-Mayo.pdf,Otro,Otro,Otro
539,17-05-2025,19-05-2025,CARGO POR IMPUESTO 4X1.000,45.0,,5908722.2,05-Mayo.pdf,Impuesto,Impuesto,Obligaciones
540,17-05-2025,19-05-2025,PAGO PSE COMERCIO O FACTURA ENLACE DE APLICATIVO,11260.0,,5897462.2,05-Mayo.pdf,Otro,Otro,Otro
541,17-05-2025,19-05-2025,CARGO POR IMPUESTO 4X1.000,1140.0,,5896322.2,05-Mayo.pdf,Impuesto,Impuesto,Obligaciones
542,17-05-2025,19-05-2025,COMPRA POS RED ARBOL DE VIDA,285000.0,,5611322.2,05-Mayo.pdf,Psicologo,Psicologo,Salud
543,18-05-2025,19-05-2025,CARGO POR IMPUESTO 4X1.000,800.0,,5610522.2,05-Mayo.pdf,Impuesto,Impuesto,Obligaciones
544,18-05-2025,19-05-2025,PAGO PSE COMERCIO O FACTURA ENLACE DE APLICATIVO,200000.0,,5410522.2,05-Mayo.pdf,Otro,Otro,Otro
545,18-05-2025,19-05-2025,CARGO POR IMPUESTO 4X1.000,144.0,,5410378.2,05-Mayo.pdf,Impuesto,Impuesto,Obligaciones
546,18-05-2025,19-05-2025,COMPRA POS ASC BOLD*Lluvia de po,36000.0,,5374378.2,05-Mayo.pdf,Otro,Otro,Otro
547,21-05-2025,21-05-2025,CARGO POR IMPUESTO 4X1.000,52.0,,5374326.2,05-Mayo.pdf,Impuesto,Impuesto,Obligaciones
548,21-05-2025,21-05-2025,COMPRA POS ASC TDA DE CAFE JUAN,13000.0,,5361326.2,05-Mayo.pdf,Juan Valdez,Cafe,Gustos
549,22-05-2025,23-05-2025,CARGO POR IMPUESTO 4X1.000,581.0,,5360745.2,05-Mayo.pdf,Impuesto,Impuesto,Obligaciones
550,22-05-2025,23-05-2025,COMPRA POS RED TURMEQUE SANTA BA,145246.0,,5215499.2,05-Mayo.pdf,Turmeque Santa Bar,Recreacion,Gustos
551,24-05-2025,26-05-2025,CARGO POR IMPUESTO 4X1.000,400.0,,5215099.2,05-Mayo.pdf,Impuesto,Impuesto,Obligaciones
552,24-05-2025,26-05-2025,PAGO PSE COMERCIO O FACTURA ENLACE DE APLICATIVO,100000.0,,5115099.2,05-Mayo.pdf,Otro,Otro,Otro
553,24-05-2025,26-05-2025,CARGO POR IMPUESTO 4X1.000,401.0,,5114698.2,05-Mayo.pdf,Impuesto,Impuesto,Obligaciones
554,24-05-2025,26-05-2025,PAGO PSE COMERCIO O FACTURA ENLACE DE APLICATIVO,100210.0,,5014488.2,05-Mayo.pdf,Otro,Otro,Otro
555,25-05-2025,26-05-2025,CARGO POR IMPUESTO 4X1.000,216.0,,5014272.2,05-Mayo.pdf,Impuesto,Impuesto,Obligaciones
556,25-05-2025,26-05-2025,COMPRA POS ASC BOLD*Raviolera Ce,54000.0,,4960272.2,05-Mayo.pdf,Raviolera,Comida,Gustos
557,25-05-2025,26-05-2025,CARGO POR IMPUESTO 4X1.000,8.0,,4960264.2,05-Mayo.pdf,Impuesto,Impuesto,Obligaciones
558,25-05-2025,26-05-2025,COMPRA POS ASC GOOGLE *Google On,2000.0,,4958264.2,05-Mayo.pdf,Servicio Google,Servicio Google,Otro
559,26-05-2025,26-05-2025,CARGO POR IMPUESTO 4X1.000,80.0,,4958184.2,05-Mayo.pdf,Impuesto,Impuesto,Obligaciones
560,26-05-2025,26-05-2025,COMPRA POS ASC DROGUERIA CAFAM B,20000.0,,4938184.2,05-Mayo.pdf,Drogeria,Farmacia,Salud
561,26-05-2025,27-05-2025,CARGO POR IMPUESTO 4X1.000,200.0,,4937984.2,05-Mayo.pdf,Impuesto,Impuesto,Obligaciones
562,26-05-2025,27-05-2025,RETIRO CAJERO BBVA CEDRITOS,50000.0,,4887984.2,05-Mayo.pdf,Retiro Cajero,Retiro Cajero,Otro
563,29-05-2025,29-05-2025,ABONO DOMI. 860031028 CENTRO CORPORATIVO,,3735501.0,8623485.2,05-Mayo.pdf,Otro,Otro,Otro
564,29-05-2025,29-05-2025,CARGO POR IMPUESTO 4X1.000,139.0,,8623346.2,05-Mayo.pdf,Impuesto,Impuesto,Obligaciones
565,29-05-2025,29-05-2025,COMPRA POS ASC DLO*DiDi Food CO,34833.0,,8588513.2,05-Mayo.pdf,Didi,Aplicaciones,Gustos
566,29-05-2025,29-05-2025,CARGO POR IMPUESTO 4X1.000,167.0,,8588346.2,05-Mayo.pdf,Impuesto,Impuesto,Obligaciones
567,29-05-2025,29-05-2025,COMPRA POS ASC TDA DE CAFE JUAN,41700.0,,8546646.2,05-Mayo.pdf,Juan Valdez,Cafe,Gustos
568,30-05-2025,30-05-2025,CARGO POR IMPUESTO 4X1.000,143.0,,8546503.2,05-Mayo.pdf,Impuesto,Impuesto,Obligaciones
569,30-05-2025,30-05-2025,PAGO PSE COMERCIO O FACTURA ENLACE DE APLICATIVO,35835.0,,8510668.2,05-Mayo.pdf,Otro,Otro,Otro
570,30-05-2025,30-05-2025,CARGO POR IMPUESTO 4X1.000,116.0,,8510552.2,05-Mayo.pdf,Impuesto,Impuesto,Obligaciones
571,30-05-2025,30-05-2025,COMPRA POS ASC DLO*DiDi Food CO,28905.0,,8481647.2,05-Mayo.pdf,Didi,Aplicaciones,Gustos
572,30-05-2025,30-05-2025,CARGO POR IMPUESTO 4X1.000,4192.0,,8477455.2,05-Mayo.pdf,Impuesto,Impuesto,Obligaciones
573,30-05-2025,30-05-2025,PAGO PSE COMERCIO O FACTURA ENLACE DE APLICATIVO,1048000.0,,7429455.2,05-Mayo.pdf,Otro,Otro,Otro
574,30-05-2025,31-05-2025,ABONO INTERESES GANADOS,,64.0,7429519.2,05-Mayo.pdf,Otro,Otro,Otro
575,31-05-2025,03-06-2025,CARGO POR IMPUESTO 4X1.000,400.0,,7429119.2,06-Junio.pdf,Impuesto,Impuesto,Obligaciones
576,31-05-2025,03-06-2025,PAGO PSE COMERCIO O FACTURA ENLACE DE APLICATIVO,100000.0,,7329119.2,06-Junio.pdf,Otro,Otro,Otro
577,31-05-2025,03-06-2025,CARGO POR IMPUESTO 4X1.000,680.0,,7328439.2,06-Junio.pdf,Impuesto,Impuesto,Obligaciones
578,31-05-2025,03-06-2025,COMPRA POS RED DILUCCA SALITRE,169898.0,,7158541.2,06-Junio.pdf,Otro,Otro,Otro
579,01-06-2025,03-06-2025,CARGO POR IMPUESTO 4X1.000,361.0,,7158180.2,06-Junio.pdf,Impuesto,Impuesto,Obligaciones
580,01-06-2025,03-06-2025,COMPRA POS ASC TIENDA D1 TIBANA,90210.0,,7067970.2,06-Junio.pdf,D1,Mercado,Necesidades
581,02-06-2025,03-06-2025,CARGO POR IMPUESTO 4X1.000,90.0,,7067880.2,06-Junio.pdf,Impuesto,Impuesto,Obligaciones
582,02-06-2025,03-06-2025,COMPRA POS ASC DLO*DiDi Food CO,22425.0,,7045455.2,06-Junio.pdf,Didi,Aplicaciones,Gustos
583,02-06-2025,03-06-2025,CARGO POR IMPUESTO 4X1.000,553.0,,7044902.2,06-Junio.pdf,Impuesto,Impuesto,Obligaciones
584,02-06-2025,03-06-2025,COMPRA POS ASC TIENDAS ARA,138270.0,,6906632.2,06-Junio.pdf,Otro,Otro,Otro
585,03-06-2025,03-06-2025,CARGO POR IMPUESTO 4X1.000,36.0,,6906596.2,06-Junio.pdf,Impuesto,Impuesto,Obligaciones
586,03-06-2025,03-06-2025,COMPRA POS ASC TDA DE CAFE JUAN,8900.0,,6897696.2,06-Junio.pdf,Juan Valdez,Cafe,Gustos
587,03-06-2025,04-06-2025,CARGO POR IMPUESTO 4X1.000,3200.0,,6894496.2,06-Junio.pdf,Impuesto,Impuesto,Obligaciones
588,03-06-2025,04-06-2025,ENVIO POR TRANSFIYA APP BBVA ENLACE DE APLICATIVO,800000.0,,6094496.2,06-Junio.pdf,Otro,Otro,Otro
589,04-06-2025,04-06-2025,CARGO POR IMPUESTO 4X1.000,500.0,,6093996.2,06-Junio.pdf,Impuesto,Impuesto,Obligaciones
590,04-06-2025,04-06-2025,PAGO PSE COMERCIO O FACTURA ENLACE DE APLICATIVO,124900.0,,5969096.2,06-Junio.pdf,Otro,Otro,Otro
591,04-06-2025,04-06-2025,CARGO POR IMPUESTO 4X1.000,87.0,,5969009.2,06-Junio.pdf,Impuesto,Impuesto,Obligaciones
592,04-06-2025,04-06-2025,COMPRA POS ASC DLO*DiDi Food CO,21800.0,,5947209.2,06-Junio.pdf,Didi,Aplicaciones,Gustos
593,05-06-2025,05-06-2025,CARGO POR IMPUESTO 4X1.000,87.0,,5947122.2,06-Junio.pdf,Impuesto,Impuesto,Obligaciones
594,05-06-2025,05-06-2025,COMPRA POS ASC DLO*DiDi Food CO,21700.0,,5925422.2,06-Junio.pdf,Didi,Aplicaciones,Gustos
595,05-06-2025,05-06-2025,CARGO POR IMPUESTO 4X1.000,1000.0,,5924422.2,06-Junio.pdf,Impuesto,Impuesto,Obligaciones
596,05-06-2025,05-06-2025,PAGO PSE COMERCIO O FACTURA ENLACE DE APLICATIVO,249900.0,,5674522.2,06-Junio.pdf,Otro,Otro,Otro
597,05-06-2025,05-06-2025,CARGO POR IMPUESTO 4X1.000,11.0,,5674511.2,06-Junio.pdf,Impuesto,Impuesto,Obligaciones
598,05-06-2025,05-06-2025,COMPRA POS ASC OXXO EDS LAS AGUA,2800.0,,5671711.2,06-Junio.pdf,OXXO,Comida,Gustos
599,05-06-2025,06-06-2025,CARGO POR IMPUESTO 4X1.000,134.0,,5671577.2,06-Junio.pdf,Impuesto,Impuesto,Obligaciones
600,05-06-2025,06-06-2025,PAGO PSE COMERCIO O FACTURA ENLACE DE APLICATIVO,33415.0,,5638162.2,06-Junio.pdf,Otro,Otro,Otro
601,06-06-2025,06-06-2025,CARGO POR IMPUESTO 4X1.000,400.0,,5637762.2,06-Junio.pdf,Impuesto,Impuesto,Obligaciones
602,06-06-2025,06-06-2025,PAGO PSE COMERCIO O FACTURA ENLACE DE APLICATIVO,100000.0,,5537762.2,06-Junio.pdf,Otro,Otro,Otro
603,06-06-2025,06-06-2025,CARGO POR IMPUESTO 4X1.000,32.0,,5537730.2,06-Junio.pdf,Impuesto,Impuesto,Obligaciones
604,06-06-2025,06-06-2025,COMPRA POS ASC TDA DE CAFE JUAN,7900.0,,5529830.2,06-Junio.pdf,Juan Valdez,Cafe,Gustos
605,07-06-2025,09-06-2025,CARGO POR IMPUESTO 4X1.000,99.0,,5529731.2,06-Junio.pdf,Impuesto,Impuesto,Obligaciones
606,07-06-2025,09-06-2025,COMPRA POS ASC OXXO EDS VERAGUAS,24650.0,,5505081.2,06-Junio.pdf,OXXO,Comida,Gustos
607,08-06-2025,09-06-2025,CARGO POR IMPUESTO 4X1.000,143.0,,5504938.2,06-Junio.pdf,Impuesto,Impuesto,Obligaciones
608,08-06-2025,09-06-2025,COMPRA POS ASC OXXO EDS VERAGUAS,35850.0,,5469088.2,06-Junio.pdf,OXXO,Comida,Gustos
609,08-06-2025,09-06-2025,CARGO POR IMPUESTO 4X1.000,458.0,,5468630.2,06-Junio.pdf,Impuesto,Impuesto,Obligaciones
610,08-06-2025,09-06-2025,COMPRA POS RED CALENTAO DE LA OC,114500.0,,5354130.2,06-Junio.pdf,Otro,Otro,Otro
611,10-06-2025,10-06-2025,CARGO POR IMPUESTO 4X1.000,87.0,,5354043.2,06-Junio.pdf,Impuesto,Impuesto,Obligaciones
612,10-06-2025,10-06-2025,COMPRA POS ASC DLO*DiDi Food CO,21700.0,,5332343.2,06-Junio.pdf,Didi,Aplicaciones,Gustos
613,11-06-2025,11-06-2025,CARGO POR IMPUESTO 4X1.000,68.0,,5332275.2,06-Junio.pdf,Impuesto,Impuesto,Obligaciones
614,11-06-2025,11-06-2025,COMPRA POS ASC TDA DE CAFE JUAN,16900.0,,5315375.2,06-Junio.pdf,Juan Valdez,Cafe,Gustos
615,12-06-2025,12-06-2025,CARGO POR IMPUESTO 4X1.000,92.0,,5315283.2,06-Junio.pdf,Impuesto,Impuesto,Obligaciones
616,12-06-2025,12-06-2025,COMPRA POS ASC DLO*DiDi Food CO,22918.0,,5292365.2,06-Junio.pdf,Didi,Aplicaciones,Gustos
617,14-06-2025,16-06-2025,CARGO POR IMPUESTO 4X1.000,50.0,,5292315.2,06-Junio.pdf,Impuesto,Impuesto,Obligaciones
618,14-06-2025,16-06-2025,COMPRA POS RED SANTUARIO DEL SE,12400.0,,5279915.2,06-Junio.pdf,Otro,Otro,Otro
619,14-06-2025,16-06-2025,CARGO POR IMPUESTO 4X1.000,96.0,,5279819.2,06-Junio.pdf,Impuesto,Impuesto,Obligaciones
620,14-06-2025,16-06-2025,COMPRA POS ASC BOLD*Lluvia de po,24000.0,,5255819.2,06-Junio.pdf,Otro,Otro,Otro
621,15-06-2025,16-06-2025,CARGO POR IMPUESTO 4X1.000,78.0,,5255741.2,06-Junio.pdf,Impuesto,Impuesto,Obligaciones
622,15-06-2025,16-06-2025,COMPRA POS ASC MERCADO PAGO*MERC,19400.0,,5236341.2,06-Junio.pdf,Otro,Otro,Otro
623,15-06-2025,16-06-2025,CARGO POR IMPUESTO 4X1.000,81.0,,5236260.2,06-Junio.pdf,Impuesto,Impuesto,Obligaciones
624,15-06-2025,16-06-2025,COMPRA POS ASC DLO*DiDi Food CO,20200.0,,5216060.2,06-Junio.pdf,Didi,Aplicaciones,Gustos
625,15-06-2025,16-06-2025,CARGO POR IMPUESTO 4X1.000,545.0,,5215515.2,06-Junio.pdf,Impuesto,Impuesto,Obligaciones
626,15-06-2025,16-06-2025,COMPRA POS ASC TIENDAS ARA,136320.0,,5079195.2,06-Junio.pdf,Otro,Otro,Otro
627,15-06-2025,16-06-2025,CARGO POR IMPUESTO 4X1.000,121.0,,5079074.2,06-Junio.pdf,Impuesto,Impuesto,Obligaciones
628,15-06-2025,16-06-2025,COMPRA POS ASC DLO*DiDi Food CO,30273.0,,5048801.2,06-Junio.pdf,Didi,Aplicaciones,Gustos
629,16-06-2025,16-06-2025,CARGO POR IMPUESTO 4X1.000,17.0,,5048784.2,06-Junio.pdf,Impuesto,Impuesto,Obligaciones
630,16-06-2025,16-06-2025,COMPRA POS RED NOVAVENTA BOG COD,4300.0,,5044484.2,06-Junio.pdf,Novaventa,Otro,Otro
631,17-06-2025,17-06-2025,CARGO POR IMPUESTO 4X1.000,71.0,,5044413.2,06-Junio.pdf,Impuesto,Impuesto,Obligaciones
632,17-06-2025,17-06-2025,COMPRA POS ASC BOLD*La Barrita D,17850.0,,5026563.2,06-Junio.pdf,Otro,Otro,Otro
633,17-06-2025,17-06-2025,CARGO POR IMPUESTO 4X1.000,402.0,,5026161.2,06-Junio.pdf,Impuesto,Impuesto,Obligaciones
634,17-06-2025,17-06-2025,PAGO T.CREDITO ENLACE DE APLICATIVO,100444.0,,4925717.2,06-Junio.pdf,Otro,Otro,Otro
635,17-06-2025,17-06-2025,CARGO POR IMPUESTO 4X1.000,32.0,,4925685.2,06-Junio.pdf,Impuesto,Impuesto,Obligaciones
636,17-06-2025,17-06-2025,COMPRA POS ASC TDA DE CAFE JUAN,7900.0,,4917785.2,06-Junio.pdf,Juan Valdez,Cafe,Gustos
637,18-06-2025,18-06-2025,CARGO POR IMPUESTO 4X1.000,87.0,,4917698.2,06-Junio.pdf,Impuesto,Impuesto,Obligaciones
638,18-06-2025,18-06-2025,COMPRA POS ASC DLO*DiDi Food CO,21800.0,,4895898.2,06-Junio.pdf,Didi,Aplicaciones,Gustos
639,18-06-2025,18-06-2025,CARGO POR IMPUESTO 4X1.000,32.0,,4895866.2,06-Junio.pdf,Impuesto,Impuesto,Obligaciones
640,18-06-2025,18-06-2025,COMPRA POS ASC TDA DE CAFE JUAN,7900.0,,4887966.2,06-Junio.pdf,Juan Valdez,Cafe,Gustos
641,19-06-2025,19-06-2025,CARGO POR IMPUESTO 4X1.000,87.0,,4887879.2,06-Junio.pdf,Impuesto,Impuesto,Obligaciones
642,19-06-2025,19-06-2025,COMPRA POS ASC DLO*DiDi Food CO,21800.0,,4866079.2,06-Junio.pdf,Didi,Aplicaciones,Gustos
643,20-06-2025,20-06-2025,CARGO POR IMPUESTO 4X1.000,40.0,,4866039.2,06-Junio.pdf,Impuesto,Impuesto,Obligaciones
644,20-06-2025,20-06-2025,COMPRA POS RED DL*DIDI RIDES CO,10000.0,,4856039.2,06-Junio.pdf,Otro,Otro,Otro
645,20-06-2025,20-06-2025,CARGO POR IMPUESTO 4X1.000,32.0,,4856007.2,06-Junio.pdf,Impuesto,Impuesto,Obligaciones
646,20-06-2025,20-06-2025,COMPRA POS ASC TDA DE CAFE JUAN,7900.0,,4848107.2,06-Junio.pdf,Juan Valdez,Cafe,Gustos
647,22-06-2025,24-06-2025,CARGO POR IMPUESTO 4X1.000,89.0,,4848018.2,06-Junio.pdf,Impuesto,Impuesto,Obligaciones
648,22-06-2025,24-06-2025,COMPRA POS ASC DLO*Didi,22300.0,,4825718.2,06-Junio.pdf,Didi,Aplicaciones,Gustos
649,23-06-2025,24-06-2025,CARGO POR IMPUESTO 4X1.000,401.0,,4825317.2,06-Junio.pdf,Impuesto,Impuesto,Obligaciones
650,23-06-2025,24-06-2025,PAGO PSE COMERCIO O FACTURA ENLACE DE APLICATIVO,100210.0,,4725107.2,06-Junio.pdf,Otro,Otro,Otro
651,23-06-2025,24-06-2025,CARGO POR IMPUESTO 4X1.000,36.0,,4725071.2,06-Junio.pdf,Impuesto,Impuesto,Obligaciones
652,23-06-2025,24-06-2025,COMPRA POS ASC DLO*Didi,8973.0,,4716098.2,06-Junio.pdf,Didi,Aplicaciones,Gustos
653,24-06-2025,24-06-2025,CARGO POR IMPUESTO 4X1.000,172.0,,4715926.2,06-Junio.pdf,Impuesto,Impuesto,Obligaciones
654,24-06-2025,24-06-2025,COMPRA POS ASC DLO*Didi,43100.0,,4672826.2,06-Junio.pdf,Didi,Aplicaciones,Gustos
655,24-06-2025,24-06-2025,CARGO POR IMPUESTO 4X1.000,90.0,,4672736.2,06-Junio.pdf,Impuesto,Impuesto,Obligaciones
656,24-06-2025,24-06-2025,COMPRA POS RED DOROTEA PARRILLA,22500.0,,4650236.2,06-Junio.pdf,Dorotea parrilla,Comida,Gustos
657,24-06-2025,24-06-2025,CARGO POR IMPUESTO 4X1.000,32.0,,4650204.2,06-Junio.pdf,Impuesto,Impuesto,Obligaciones
658,24-06-2025,24-06-2025,COMPRA POS ASC TDA DE CAFE JUAN,7900.0,,4642304.2,06-Junio.pdf,Juan Valdez,Cafe,Gustos
659,24-06-2025,24-06-2025,CARGO POR IMPUESTO 4X1.000,36.0,,4642268.2,06-Junio.pdf,Impuesto,Impuesto,Obligaciones
660,24-06-2025,24-06-2025,COMPRA POS ASC DLO*GOOGLE Google,8900.0,,4633368.2,06-Junio.pdf,Servicio Google,Servicio Google,Otro
661,25-06-2025,25-06-2025,CARGO POR IMPUESTO 4X1.000,880.0,,4632488.2,06-Junio.pdf,Impuesto,Impuesto,Obligaciones
662,25-06-2025,25-06-2025,COMPRA POS RED ARBOL DE VIDA,220000.0,,4412488.2,06-Junio.pdf,Psicologo,Psicologo,Salud
663,25-06-2025,25-06-2025,CARGO POR IMPUESTO 4X1.000,19.0,,4412469.2,06-Junio.pdf,Impuesto,Impuesto,Obligaciones
664,25-06-2025,25-06-2025,COMPRA POS ASC OXXO CASTILLO 72,4800.0,,4407669.2,06-Junio.pdf,OXXO,Comida,Gustos
665,25-06-2025,25-06-2025,CARGO POR IMPUESTO 4X1.000,201.0,,4407468.2,06-Junio.pdf,Impuesto,Impuesto,Obligaciones
666,25-06-2025,25-06-2025,COMPRA POS RED ENSAMBLADORA UNIV,50250.0,,4357218.2,06-Junio.pdf,Otro,Otro,Otro
667,26-06-2025,26-06-2025,ABONO DOMI. 860031028 CENTRO CORPORATIVO,,5396371.0,9753589.2,06-Junio.pdf,Otro,Otro,Otro
668,26-06-2025,26-06-2025,CARGO POR IMPUESTO 4X1.000,400.0,,9753189.2,06-Junio.pdf,Impuesto,Impuesto,Obligaciones
669,26-06-2025,26-06-2025,PAGO PSE COMERCIO O FACTURA ENLACE DE APLICATIVO,100000.0,,9653189.2,06-Junio.pdf,Otro,Otro,Otro
670,27-06-2025,27-06-2025,CARGO POR IMPUESTO 4X1.000,139.0,,9653050.2,06-Junio.pdf,Impuesto,Impuesto,Obligaciones
671,27-06-2025,27-06-2025,COMPRA POS RED EL CARNAL CITYU,34800.0,,9618250.2,06-Junio.pdf,El carnal,Comida,Gustos
672,27-06-2025,30-06-2025,ABONO POR INTERESES DE CUENTA,,61.0,9618311.2,06-Junio.pdf,Otro,Otro,Otro
673,28-06-2025,01-07-2025,CARGO POR IMPUESTO 4X1.000,200.0,,9618111.2,07-Julio_fix.pdf,Impuesto,Impuesto,Obligaciones
674,28-06-2025,01-07-2025,PAGO PSE COMERCIO O FACTURA ENLACE DE APLICATIVO,50000.0,,9568111.2,07-Julio_fix.pdf,Otro,Otro,Otro
675,30-06-2025,01-07-2025,CARGO POR IMPUESTO 4X1.000,400.0,,9567711.2,07-Julio_fix.pdf,Impuesto,Impuesto,Obligaciones
676,30-06-2025,01-07-2025,PAGO PSE COMERCIO O FACTURA ENLACE DE APLICATIVO,100000.0,,9467711.2,07-Julio_fix.pdf,Otro,Otro,Otro
677,30-06-2025,01-07-2025,CARGO POR IMPUESTO 4X1.000,400.0,,9467311.2,07-Julio_fix.pdf,Impuesto,Impuesto,Obligaciones
678,30-06-2025,01-07-2025,PAGO PSE COMERCIO O FACTURA ENLACE DE APLICATIVO,100000.0,,9367311.2,07-Julio_fix.pdf,Otro,Otro,Otro
679,01-07-2025,01-07-2025,CARGO POR IMPUESTO 4X1.000,2916.0,,9364395.2,07-Julio_fix.pdf,Impuesto,Impuesto,Obligaciones
680,01-07-2025,01-07-2025,PAGO PSE COMERCIO O FACTURA ENLACE DE APLICATIVO,729000.0,,8635395.2,07-Julio_fix.pdf,Otro,Otro,Otro
681,01-07-2025,01-07-2025,CARGO POR IMPUESTO 4X1.000,46.0,,8635349.2,07-Julio_fix.pdf,Impuesto,Impuesto,Obligaciones
682,01-07-2025,01-07-2025,COMPRA POS ASC TDA DE CAFE JUAN,11500.0,,8623849.2,07-Julio_fix.pdf,Juan Valdez,Cafe,Gustos
683,01-07-2025,01-07-2025,CARGO POR IMPUESTO 4X1.000,67.0,,8623782.2,07-Julio_fix.pdf,Impuesto,Impuesto,Obligaciones
684,01-07-2025,01-07-2025,COMPRA POS RED R25 CREPESYWAFFLE,16700.0,,8607082.2,07-Julio_fix.pdf,Crepes y Waffle,Comida,Gustos
685,02-07-2025,02-07-2025,CARGO POR IMPUESTO 4X1.000,87.0,,8606995.2,07-Julio_fix.pdf,Impuesto,Impuesto,Obligaciones
686,02-07-2025,02-07-2025,COMPRA POS ASC DLO*DiDi Food CO,21750.0,,8585245.2,07-Julio_fix.pdf,Didi,Aplicaciones,Gustos
687,03-07-2025,03-07-2025,CARGO POR IMPUESTO 4X1.000,25.0,,8585220.2,07-Julio_fix.pdf,Impuesto,Impuesto,Obligaciones
688,03-07-2025,03-07-2025,COMPRA POS ASC OXXO CONNECTA 80,6200.0,,8579020.2,07-Julio_fix.pdf,OXXO,Comida,Gustos
689,03-07-2025,04-07-2025,CARGO POR IMPUESTO 4X1.000,120.0,,8578900.2,07-Julio_fix.pdf,Impuesto,Impuesto,Obligaciones
690,03-07-2025,04-07-2025,COMPRA POS RED SUBWAY EDS CALLE,29900.0,,8549000.2,07-Julio_fix.pdf,Subway,Comida,Gustos
691,03-07-2025,04-07-2025,CARGO POR IMPUESTO 4X1.000,33.0,,8548967.2,07-Julio_fix.pdf,Impuesto,Impuesto,Obligaciones
692,03-07-2025,04-07-2025,COMPRA POS ASC DLO*Didi,8200.0,,8540767.2,07-Julio_fix.pdf,Didi,Aplicaciones,Gustos
693,04-07-2025,04-07-2025,CARGO POR IMPUESTO 4X1.000,318.0,,8540449.2,07-Julio_fix.pdf,Impuesto,Impuesto,Obligaciones
694,04-07-2025,04-07-2025,COMPRA POS ASC FRISBY I-07,79500.0,,8460949.2,07-Julio_fix.pdf,Frisby,Comida,Gustos
695,04-07-2025,07-07-2025,CARGO POR IMPUESTO 4X1.000,48.0,,8460901.2,07-Julio_fix.pdf,Impuesto,Impuesto,Obligaciones
696,04-07-2025,07-07-2025,COMPRA POS RED DL*DIDI RIDES CO,11900.0,,8449001.2,07-Julio_fix.pdf,Otro,Otro,Otro
697,04-07-2025,07-07-2025,CARGO POR IMPUESTO 4X1.000,20.0,,8448981.2,07-Julio_fix.pdf,Impuesto,Impuesto,Obligaciones
698,04-07-2025,07-07-2025,COMPRA POS RED DL*DIDI RIDES CO,5000.0,,8443981.2,07-Julio_fix.pdf,Otro,Otro,Otro
699,06-07-2025,07-07-2025,CARGO POR IMPUESTO 4X1.000,113.0,,8443868.2,07-Julio_fix.pdf,Impuesto,Impuesto,Obligaciones
700,06-07-2025,07-07-2025,COMPRA POS ASC DLO*DiDi Food CO,28276.0,,8415592.2,07-Julio_fix.pdf,Didi,Aplicaciones,Gustos
701,06-07-2025,07-07-2025,CARGO POR IMPUESTO 4X1.000,458.0,,8415134.2,07-Julio_fix.pdf,Impuesto,Impuesto,Obligaciones
702,06-07-2025,07-07-2025,COMPRA POS ASC TIENDAS ARA,114380.0,,8300754.2,07-Julio_fix.pdf,Otro,Otro,Otro
703,07-07-2025,07-07-2025,CARGO POR IMPUESTO 4X1.000,77.0,,8300677.2,07-Julio_fix.pdf,Impuesto,Impuesto,Obligaciones
704,07-07-2025,07-07-2025,COMPRA POS ASC DLO*DiDi Food CO,19300.0,,8281377.2,07-Julio_fix.pdf,Didi,Aplicaciones,Gustos
705,07-07-2025,08-07-2025,CARGO POR IMPUESTO 4X1.000,3200.0,,8278177.2,07-Julio_fix.pdf,Impuesto,Impuesto,Obligaciones
706,07-07-2025,08-07-2025,Transferiste desde BBVA MOVIL a Emilio Zea ENLACE DE APL,800000.0,,7478177.2,07-Julio_fix.pdf,Arriendo,Arriendo,Necesidades
707,07-07-2025,08-07-2025,CARGO POR IMPUESTO 4X1.000,360.0,,7477817.2,07-Julio_fix.pdf,Impuesto,Impuesto,Obligaciones
708,07-07-2025,08-07-2025,Transferiste desde BBVA MOVIL a Emilio Zea ENLACE DE APL,90000.0,,7387817.2,07-Julio_fix.pdf,Arriendo,Arriendo,Necesidades
709,08-07-2025,08-07-2025,CARGO POR IMPUESTO 4X1.000,22.0,,7387795.2,07-Julio_fix.pdf,Impuesto,Impuesto,Obligaciones
710,08-07-2025,08-07-2025,COMPRA POS RED TOSTAO CAFE Y PAN,5600.0,,7382195.2,07-Julio_fix.pdf,Tostao,Cafe,Gustos
711,09-07-2025,09-07-2025,CARGO POR IMPUESTO 4X1.000,160.0,,7382035.2,07-Julio_fix.pdf,Impuesto,Impuesto,Obligaciones
712,09-07-2025,09-07-2025,COMPRA POS ASC DLO*DiDi Food CO,40014.0,,7342021.2,07-Julio_fix.pdf,Didi,Aplicaciones,Gustos
713,09-07-2025,09-07-2025,ABONO TERCEROS BANCO BMOVIL APP ENLACE DE APLICATIVO,,10000.0,7352021.2,07-Julio_fix.pdf,Otro,Otro,Otro
714,09-07-2025,09-07-2025,CARGO POR IMPUESTO 4X1.000,70.0,,7351951.2,07-Julio_fix.pdf,Impuesto,Impuesto,Obligaciones
715,09-07-2025,09-07-2025,COMPRA POS ASC DLO*Didi,17600.0,,7334351.2,07-Julio_fix.pdf,Didi,Aplicaciones,Gustos
716,10-07-2025,10-07-2025,CARGO POR IMPUESTO 4X1.000,276.0,,7334075.2,07-Julio_fix.pdf,Impuesto,Impuesto,Obligaciones
717,10-07-2025,10-07-2025,COMPRA POS ASC RESTAURANTE WOK,68885.0,,7265190.2,07-Julio_fix.pdf,Restaurante,Comida,Gustos
718,11-07-2025,11-07-2025,CARGO POR IMPUESTO 4X1.000,48.0,,7265142.2,07-Julio_fix.pdf,Impuesto,Impuesto,Obligaciones
719,11-07-2025,11-07-2025,COMPRA POS ASC CENTRO EMPRESARIA,12000.0,,7253142.2,07-Julio_fix.pdf,Otro,Otro,Otro
720,11-07-2025,11-07-2025,CARGO POR IMPUESTO 4X1.000,121.0,,7253021.2,07-Julio_fix.pdf,Impuesto,Impuesto,Obligaciones
721,11-07-2025,11-07-2025,COMPRA POS RED MATUKA,30250.0,,7222771.2,07-Julio_fix.pdf,Matuka,Comida,Gustos
722,11-07-2025,11-07-2025,CARGO POR IMPUESTO 4X1.000,401.0,,7222370.2,07-Julio_fix.pdf,Impuesto,Impuesto,Obligaciones
723,11-07-2025,11-07-2025,PAGO PSE COMERCIO O FACTURA ENLACE DE APLICATIVO,100210.0,,7122160.2,07-Julio_fix.pdf,Otro,Otro,Otro
724,12-07-2025,14-07-2025,CARGO POR IMPUESTO 4X1.000,200.0,,7121960.2,07-Julio_fix.pdf,Impuesto,Impuesto,Obligaciones
725,12-07-2025,14-07-2025,PAGO PSE COMERCIO O FACTURA ENLACE DE APLICATIVO,50000.0,,7071960.2,07-Julio_fix.pdf,Otro,Otro,Otro
726,13-07-2025,14-07-2025,CARGO POR IMPUESTO 4X1.000,616.0,,7071344.2,07-Julio_fix.pdf,Impuesto,Impuesto,Obligaciones
727,13-07-2025,14-07-2025,COMPRA POS ASC RESTAURANTE GATIN,154000.0,,6917344.2,07-Julio_fix.pdf,Restaurante,Comida,Gustos
728,14-07-2025,14-07-2025,CARGO POR IMPUESTO 4X1.000,83.0,,6917261.2,07-Julio_fix.pdf,Impuesto,Impuesto,Obligaciones
729,14-07-2025,14-07-2025,COMPRA POS ASC DLO*DiDi Food CO,20625.0,,6896636.2,07-Julio_fix.pdf,Didi,Aplicaciones,Gustos
730,14-07-2025,14-07-2025,CARGO POR IMPUESTO 4X1.000,32.0,,6896604.2,07-Julio_fix.pdf,Impuesto,Impuesto,Obligaciones
731,14-07-2025,14-07-2025,COMPRA POS ASC TDA DE CAFE JUAN,7900.0,,6888704.2,07-Julio_fix.pdf,Juan Valdez,Cafe,Gustos
732,15-07-2025,15-07-2025,CARGO POR IMPUESTO 4X1.000,87.0,,6888617.2,07-Julio_fix.pdf,Impuesto,Impuesto,Obligaciones
733,15-07-2025,15-07-2025,COMPRA POS ASC DLO*DiDi Food CO,21750.0,,6866867.2,07-Julio_fix.pdf,Didi,Aplicaciones,Gustos
734,15-07-2025,15-07-2025,CARGO POR IMPUESTO 4X1.000,32.0,,6866835.2,07-Julio_fix.pdf,Impuesto,Impuesto,Obligaciones
735,15-07-2025,15-07-2025,COMPRA POS ASC TDA DE CAFE JUAN,7900.0,,6858935.2,07-Julio_fix.pdf,Juan Valdez,Cafe,Gustos
736,16-07-2025,16-07-2025,CARGO POR IMPUESTO 4X1.000,69.0,,6858866.2,07-Julio_fix.pdf,Impuesto,Impuesto,Obligaciones
737,16-07-2025,16-07-2025,COMPRA POS ASC PAYU*ROBINFOOD CO,17250.0,,6841616.2,07-Julio_fix.pdf,Robinfood,Comida,Gustos
738,16-07-2025,16-07-2025,CARGO POR IMPUESTO 4X1.000,26.0,,6841590.2,07-Julio_fix.pdf,Impuesto,Impuesto,Obligaciones
739,16-07-2025,16-07-2025,COMPRA POS ASC OXXO UNIVERSITARI,6400.0,,6835190.2,07-Julio_fix.pdf,OXXO,Comida,Gustos
740,16-07-2025,16-07-2025,CARGO POR IMPUESTO 4X1.000,12.0,,6835178.2,07-Julio_fix.pdf,Impuesto,Impuesto,Obligaciones
741,16-07-2025,16-07-2025,COMPRA POS RED TOSTAO CAFE Y PAN,3100.0,,6832078.2,07-Julio_fix.pdf,Tostao,Cafe,Gustos
742,17-07-2025,17-07-2025,CARGO POR IMPUESTO 4X1.000,20.0,,6832058.2,07-Julio_fix.pdf,Impuesto,Impuesto,Obligaciones
743,17-07-2025,17-07-2025,COMPRA POS ASC OXXO CONNECTA 80,5100.0,,6826958.2,07-Julio_fix.pdf,OXXO,Comida,Gustos
744,17-07-2025,17-07-2025,CARGO POR IMPUESTO 4X1.000,12.0,,6826946.2,07-Julio_fix.pdf,Impuesto,Impuesto,Obligaciones
745,17-07-2025,17-07-2025,COMPRA POS RED TOSTAO CAFE Y PAN,3100.0,,6823846.2,07-Julio_fix.pdf,Tostao,Cafe,Gustos
746,18-07-2025,18-07-2025,CARGO POR IMPUESTO 4X1.000,69.0,,6823777.2,07-Julio_fix.pdf,Impuesto,Impuesto,Obligaciones
747,18-07-2025,18-07-2025,COMPRA POS ASC PAYU*ROBINFOOD CO,17350.0,,6806427.2,07-Julio_fix.pdf,Robinfood,Comida,Gustos
748,18-07-2025,18-07-2025,CARGO POR IMPUESTO 4X1.000,172.0,,6806255.2,07-Julio_fix.pdf,Impuesto,Impuesto,Obligaciones
749,18-07-2025,18-07-2025,COMPRA POS ASC HAMBURGUESAS EL C,42900.0,,6763355.2,07-Julio_fix.pdf,Corral,Comida,Gustos
750,19-07-2025,21-07-2025,CARGO POR IMPUESTO 4X1.000,880.0,,6762475.2,07-Julio_fix.pdf,Impuesto,Impuesto,Obligaciones
751,19-07-2025,21-07-2025,COMPRA POS ASC ARBOL DE VIDA,220000.0,,6542475.2,07-Julio_fix.pdf,Psicologo,Psicologo,Salud
752,19-07-2025,21-07-2025,CARGO POR IMPUESTO 4X1.000,30.0,,6542445.2,07-Julio_fix.pdf,Impuesto,Impuesto,Obligaciones
753,19-07-2025,21-07-2025,COMPRA POS RED TDC CAROLINA 127,7400.0,,6535045.2,07-Julio_fix.pdf,Otro,Otro,Otro
754,20-07-2025,21-07-2025,CARGO POR IMPUESTO 4X1.000,88.0,,6534957.2,07-Julio_fix.pdf,Impuesto,Impuesto,Obligaciones
755,20-07-2025,21-07-2025,PAGO PSE COMERCIO O FACTURA ENLACE DE APLICATIVO,22000.0,,6512957.2,07-Julio_fix.pdf,Otro,Otro,Otro
756,21-07-2025,21-07-2025,CARGO POR IMPUESTO 4X1.000,77.0,,6512880.2,07-Julio_fix.pdf,Impuesto,Impuesto,Obligaciones
757,21-07-2025,21-07-2025,COMPRA POS ASC DLO*DiDi Food CO,19200.0,,6493680.2,07-Julio_fix.pdf,Didi,Aplicaciones,Gustos
758,21-07-2025,21-07-2025,CARGO POR IMPUESTO 4X1.000,18.0,,6493662.2,07-Julio_fix.pdf,Impuesto,Impuesto,Obligaciones
759,21-07-2025,21-07-2025,COMPRA POS RED TOSTAO CAFE Y PAN,4600.0,,6489062.2,07-Julio_fix.pdf,Tostao,Cafe,Gustos
760,22-07-2025,22-07-2025,CARGO POR IMPUESTO 4X1.000,164.0,,6488898.2,07-Julio_fix.pdf,Impuesto,Impuesto,Obligaciones
761,22-07-2025,22-07-2025,COMPRA POS RED CALENTAO DE LA OC,41000.0,,6447898.2,07-Julio_fix.pdf,Otro,Otro,Otro
762,22-07-2025,22-07-2025,CARGO POR IMPUESTO 4X1.000,23.0,,6447875.2,07-Julio_fix.pdf,Impuesto,Impuesto,Obligaciones
763,22-07-2025,22-07-2025,COMPRA POS ASC SPID 35 CARRERA 3,5650.0,,6442225.2,07-Julio_fix.pdf,Otro,Otro,Otro
764,22-07-2025,22-07-2025,CARGO POR IMPUESTO 4X1.000,36.0,,6442189.2,07-Julio_fix.pdf,Impuesto,Impuesto,Obligaciones
765,22-07-2025,22-07-2025,COMPRA POS ASC TDA DE CAFE JUAN,8900.0,,6433289.2,07-Julio_fix.pdf,Juan Valdez,Cafe,Gustos
766,23-07-2025,23-07-2025,CARGO POR IMPUESTO 4X1.000,18.0,,6433271.2,07-Julio_fix.pdf,Impuesto,Impuesto,Obligaciones
767,23-07-2025,23-07-2025,COMPRA POS RED TOSTAO CAFE Y PAN,4600.0,,6428671.2,07-Julio_fix.pdf,Tostao,Cafe,Gustos
768,24-07-2025,24-07-2025,CARGO POR IMPUESTO 4X1.000,12.0,,6428659.2,07-Julio_fix.pdf,Impuesto,Impuesto,Obligaciones
769,24-07-2025,24-07-2025,COMPRA POS RED TOSTAO CAFE Y PAN,3100.0,,6425559.2,07-Julio_fix.pdf,Tostao,Cafe,Gustos
770,24-07-2025,24-07-2025,CARGO POR IMPUESTO 4X1.000,36.0,,6425523.2,07-Julio_fix.pdf,Impuesto,Impuesto,Obligaciones
771,24-07-2025,24-07-2025,COMPRA POS ASC DLO*GOOGLE Google,8900.0,,6416623.2,07-Julio_fix.pdf,Servicio Google,Servicio Google,Otro
772,25-07-2025,25-07-2025,CARGO POR IMPUESTO 4X1.000,22.0,,6416601.2,07-Julio_fix.pdf,Impuesto,Impuesto,Obligaciones
773,25-07-2025,25-07-2025,COMPRA POS RED TOSTAO CAFE Y PAN,5600.0,,6411001.2,07-Julio_fix.pdf,Tostao,Cafe,Gustos
774,26-07-2025,28-07-2025,CARGO POR IMPUESTO 4X1.000,142.0,,6410859.2,07-Julio_fix.pdf,Impuesto,Impuesto,Obligaciones
775,26-07-2025,28-07-2025,COMPRA POS ASC DLO*DiDi Food CO,35622.0,,6375237.2,07-Julio_fix.pdf,Didi,Aplicaciones,Gustos
776,26-07-2025,26-07-2025,CARGO POR IMPUESTO 4X1.000,106.0,,6375131.2,07-Julio_fix.pdf,Impuesto,Impuesto,Obligaciones
777,26-07-2025,28-07-2025,COMPRA POS ASC DLO*DiDi Food CO,26613.0,,6348518.2,07-Julio_fix.pdf,Didi,Aplicaciones,Gustos
778,27-07-2025,28-07-2025,CARGO POR IMPUESTO 4X1.000,149.0,,6348369.2,07-Julio_fix.pdf,Impuesto,Impuesto,Obligaciones
779,27-07-2025,28-07-2025,COMPRA POS ASC DLO*DiDi Food CO,37358.0,,6311011.2,07-Julio_fix.pdf,Didi,Aplicaciones,Gustos
780,27-07-2025,28-07-2025,CARGO POR IMPUESTO 4X1.000,631.0,,6310380.2,07-Julio_fix.pdf,Impuesto,Impuesto,Obligaciones
781,27-07-2025,28-07-2025,COMPRA POS ASC TIENDAS ARA,157670.0,,6152710.2,07-Julio_fix.pdf,Otro,Otro,Otro
782,29-07-2025,29-07-2025,CARGO POR IMPUESTO 4X1.000,2916.0,,6149794.2,07-Julio_fix.pdf,Impuesto,Impuesto,Obligaciones
783,29-07-2025,29-07-2025,PAGO PSE COMERCIO O FACTURA ENLACE DE APLICATIVO,729000.0,,5420794.2,07-Julio_fix.pdf,Otro,Otro,Otro
784,29-07-2025,29-07-2025,CARGO POR IMPUESTO 4X1.000,152.0,,5420642.2,07-Julio_fix.pdf,Impuesto,Impuesto,Obligaciones
785,29-07-2025,29-07-2025,COMPRA POS ASC MONTOLIVO PASTA E,38000.0,,5382642.2,07-Julio_fix.pdf,Montolivo,Comida,Gustos
786,29-07-2025,29-07-2025,CARGO POR IMPUESTO 4X1.000,43.0,,5382599.2,07-Julio_fix.pdf,Impuesto,Impuesto,Obligaciones
787,29-07-2025,29-07-2025,COMPRA POS RED TOSTAO CAFE Y PAN,10700.0,,5371899.2,07-Julio_fix.pdf,Tostao,Cafe,Gustos
788,30-07-2025,30-07-2025,ABONO DOMI. 860031028 CENTRO CORPORATIVO,,3730830.0,9102729.2,07-Julio_fix.pdf,Otro,Otro,Otro
789,30-07-2025,30-07-2025,CARGO POR IMPUESTO 4X1.000,1.0,,9102728.2,07-Julio_fix.pdf,Impuesto,Impuesto,Obligaciones
790,30-07-2025,30-07-2025,COMPRA POS ASC RAPPI*RAPPI COLOM,275.0,,9102453.2,07-Julio_fix.pdf,Rappi,Aplicaciones,Gustos
791,30-07-2025,30-07-2025,CARGO POR IMPUESTO 4X1.000,274.0,,9102179.2,07-Julio_fix.pdf,Impuesto,Impuesto,Obligaciones
792,30-07-2025,30-07-2025,COMPRA POS ASC RAPPI*RAPPI COLOM,68400.0,,9033779.2,07-Julio_fix.pdf,Rappi,Aplicaciones,Gustos
793,30-07-2025,30-07-2025,ANU. COM DECRETO,,1.0,9033780.2,07-Julio_fix.pdf,Otro,Otro,Otro
794,30-07-2025,30-07-2025,REVERSO COMPRA POS,,275.0,9034055.2,07-Julio_fix.pdf,Otro,Otro,Otro
795,30-07-2025,30-07-2025,CARGO POR IMPUESTO 4X1.000,401.0,,9033654.2,07-Julio_fix.pdf,Impuesto,Impuesto,Obligaciones
796,30-07-2025,30-07-2025,PAGO PSE COMERCIO O FACTURA ENLACE DE APLICATIVO,100210.0,,8933444.2,07-Julio_fix.pdf,Otro,Otro,Otro
797,30-07-2025,30-07-2025,CARGO POR IMPUESTO 4X1.000,12.0,,8933432.2,07-Julio_fix.pdf,Impuesto,Impuesto,Obligaciones
798,30-07-2025,30-07-2025,COMPRA POS RED TOSTAO CAFE Y PAN,3100.0,,8930332.2,07-Julio_fix.pdf,Tostao,Cafe,Gustos
799,30-07-2025,30-07-2025,CARGO POR IMPUESTO 4X1.000,16.0,,8930316.2,07-Julio_fix.pdf,Impuesto,Impuesto,Obligaciones
800,30-07-2025,30-07-2025,COMPRA POS ASC OXXO EDS LAS AGUA,4100.0,,8926216.2,07-Julio_fix.pdf,OXXO,Comida,Gustos
801,31-07-2025,31-07-2025,ABONO POR INTERESES DE CUENTA,,73.0,8926289.2,07-Julio_fix.pdf,Otro,Otro,Otro
802,01-08-2025,01-08-2025,CARGO POR IMPUESTO 4X1.000,3260.0,,8923029.2,08-Agosto.pdf,Impuesto,Impuesto,Obligaciones
803,01-08-2025,01-08-2025,Transferiste a Emilio Zea,815000.0,,8108029.2,08-Agosto.pdf,Arriendo,Arriendo,Necesidades
804,01-08-2025,01-08-2025,CARGO POR IMPUESTO 4X1.000,12.0,,8108017.2,08-Agosto.pdf,Impuesto,Impuesto,Obligaciones
805,01-08-2025,01-08-2025,COMPRA POS RED TOSTAO CAFE Y PAN,3100.0,,8104917.2,08-Agosto.pdf,Tostao,Cafe,Gustos
806,02-08-2025,04-08-2025,CARGO POR IMPUESTO 4X1.000,260.0,,8104657.2,08-Agosto.pdf,Impuesto,Impuesto,Obligaciones
807,02-08-2025,04-08-2025,COMPRA POS ASC FUNDACION MULATO,65000.0,,8039657.2,08-Agosto.pdf,Fundacion Mulato,Otro,Otro
808,04-08-2025,04-08-2025,CARGO POR IMPUESTO 4X1.000,22.0,,8039635.2,08-Agosto.pdf,Impuesto,Impuesto,Obligaciones
809,04-08-2025,04-08-2025,COMPRA POS RED TOSTAO CAFE Y PAN,5600.0,,8034035.2,08-Agosto.pdf,Tostao,Cafe,Gustos
810,05-08-2025,05-08-2025,CARGO POR IMPUESTO 4X1.000,800.0,,8033235.2,08-Agosto.pdf,Impuesto,Impuesto,Obligaciones
811,05-08-2025,05-08-2025,PAGO PSE COMERCIO O FACTURA ENLACE DE APLICATIVO,200000.0,,7833235.2,08-Agosto.pdf,Otro,Otro,Otro
812,05-08-2025,05-08-2025,CARGO POR IMPUESTO 4X1.000,28.0,,7833207.2,08-Agosto.pdf,Impuesto,Impuesto,Obligaciones
813,05-08-2025,05-08-2025,COMPRA POS RED TOSTAO CAFE Y PAN,7100.0,,7826107.2,08-Agosto.pdf,Tostao,Cafe,Gustos
814,06-08-2025,06-08-2025,CARGO POR IMPUESTO 4X1.000,3080.0,,7823027.2,08-Agosto.pdf,Impuesto,Impuesto,Obligaciones
815,06-08-2025,06-08-2025,COMPRA POS RED DANIEL MAURICIO C,770000.0,,7053027.2,08-Agosto.pdf,Otro,Otro,Otro
816,06-08-2025,06-08-2025,CARGO POR IMPUESTO 4X1.000,57.0,,7052970.2,08-Agosto.pdf,Impuesto,Impuesto,Obligaciones
817,06-08-2025,06-08-2025,COMPRA POS ASC DLO*Didi,14155.0,,7038815.2,08-Agosto.pdf,Didi,Aplicaciones,Gustos
818,06-08-2025,06-08-2025,CARGO POR IMPUESTO 4X1.000,12.0,,7038803.2,08-Agosto.pdf,Impuesto,Impuesto,Obligaciones
819,06-08-2025,06-08-2025,COMPRA POS RED TOSTAO CAFE Y PAN,3100.0,,7035703.2,08-Agosto.pdf,Tostao,Cafe,Gustos
820,07-08-2025,08-08-2025,CARGO POR IMPUESTO 4X1.000,136.0,,7035567.2,08-Agosto.pdf,Impuesto,Impuesto,Obligaciones
821,07-08-2025,08-08-2025,PAGO PSE COMERCIO O FACTURA ENLACE DE APLICATIVO,34000.0,,7001567.2,08-Agosto.pdf,Otro,Otro,Otro
822,07-08-2025,08-08-2025,CARGO POR IMPUESTO 4X1.000,174.0,,7001393.2,08-Agosto.pdf,Impuesto,Impuesto,Obligaciones
823,07-08-2025,08-08-2025,COMPRA POS ASC DLO*DiDi Food CO,43519.0,,6957874.2,08-Agosto.pdf,Didi,Aplicaciones,Gustos
824,08-08-2025,08-08-2025,CARGO POR IMPUESTO 4X1.000,176.0,,6957698.2,08-Agosto.pdf,Impuesto,Impuesto,Obligaciones
825,08-08-2025,08-08-2025,COMPRA POS ASC DLO*DiDi Food CO,44088.0,,6913610.2,08-Agosto.pdf,Didi,Aplicaciones,Gustos
826,09-08-2025,11-08-2025,CARGO POR IMPUESTO 4X1.000,212.0,,6913398.2,08-Agosto.pdf,Impuesto,Impuesto,Obligaciones
827,09-08-2025,11-08-2025,COMPRA POS ASC BRASAS Y POLLOS M,52900.0,,6860498.2,08-Agosto.pdf,Brasas y Pollos,Comida,Gustos
828,09-08-2025,11-08-2025,CARGO POR IMPUESTO 4X1.000,260.0,,6860238.2,08-Agosto.pdf,Impuesto,Impuesto,Obligaciones
829,09-08-2025,11-08-2025,COMPRA POS ASC PANADERIA Y PASTE,65000.0,,6795238.2,08-Agosto.pdf,Panaderia,Comida,Gustos
830,09-08-2025,11-08-2025,CARGO POR IMPUESTO 4X1.000,118.0,,6795120.2,08-Agosto.pdf,Impuesto,Impuesto,Obligaciones
831,09-08-2025,11-08-2025,COMPRA POS ASC DLO*DiDi Food CO,29610.0,,6765510.2,08-Agosto.pdf,Didi,Aplicaciones,Gustos
832,10-08-2025,11-08-2025,CARGO POR IMPUESTO 4X1.000,59.0,,6765451.2,08-Agosto.pdf,Impuesto,Impuesto,Obligaciones
833,10-08-2025,11-08-2025,COMPRA POS ASC DROGAS LA REBAJA,14780.0,,6750671.2,08-Agosto.pdf,Drogeria,Farmacia,Salud
834,10-08-2025,11-08-2025,CARGO POR IMPUESTO 4X1.000,2000.0,,6748671.2,08-Agosto.pdf,Impuesto,Impuesto,Obligaciones
835,10-08-2025,11-08-2025,PAGO PSE COMERCIO O FACTURA ENLACE DE APLICATIVO,500000.0,,6248671.2,08-Agosto.pdf,Otro,Otro,Otro
836,10-08-2025,11-08-2025,CARGO POR IMPUESTO 4X1.000,21.0,,6248650.2,08-Agosto.pdf,Impuesto,Impuesto,Obligaciones
837,10-08-2025,11-08-2025,COMPRA POS ASC OXXO SANTA MATILD,5300.0,,6243350.2,08-Agosto.pdf,OXXO,Comida,Gustos
838,12-08-2025,12-08-2025,CARGO POR IMPUESTO 4X1.000,12.0,,6243338.2,08-Agosto.pdf,Impuesto,Impuesto,Obligaciones
839,12-08-2025,12-08-2025,COMPRA POS RED TOSTAO CAFE Y PAN,3100.0,,6240238.2,08-Agosto.pdf,Tostao,Cafe,Gustos
840,13-08-2025,13-08-2025,CARGO POR IMPUESTO 4X1.000,152.0,,6240086.2,08-Agosto.pdf,Impuesto,Impuesto,Obligaciones
841,13-08-2025,13-08-2025,COMPRA POS RED FIT FAT FOOD,37900.0,,6202186.2,08-Agosto.pdf,Otro,Otro,Otro
842,13-08-2025,13-08-2025,CARGO POR IMPUESTO 4X1.000,60.0,,6202126.2,08-Agosto.pdf,Impuesto,Impuesto,Obligaciones
843,13-08-2025,13-08-2025,COMPRA POS ASC CRUZ VERDE CL 161,14950.0,,6187176.2,08-Agosto.pdf,Cruz Verde,Farmacia,Salud
844,14-08-2025,14-08-2025,CARGO POR IMPUESTO 4X1.000,65.0,,6187111.2,08-Agosto.pdf,Impuesto,Impuesto,Obligaciones
845,14-08-2025,14-08-2025,COMPRA POS ASC DLO*Didi,16222.0,,6170889.2,08-Agosto.pdf,Didi,Aplicaciones,Gustos
846,15-08-2025,15-08-2025,CARGO POR IMPUESTO 4X1.000,125.0,,6170764.2,08-Agosto.pdf,Impuesto,Impuesto,Obligaciones
847,15-08-2025,15-08-2025,COMPRA POS ASC RAPPI*RAPPI COLOM,31150.0,,6139614.2,08-Agosto.pdf,Rappi,Aplicaciones,Gustos
848,15-08-2025,15-08-2025,CARGO POR IMPUESTO 4X1.000,12.0,,6139602.2,08-Agosto.pdf,Impuesto,Impuesto,Obligaciones
849,15-08-2025,15-08-2025,COMPRA POS RED TOSTAO CAFE Y PAN,3100.0,,6136502.2,08-Agosto.pdf,Tostao,Cafe,Gustos
850,16-08-2025,19-08-2025,CARGO POR IMPUESTO 4X1.000,880.0,,6135622.2,08-Agosto.pdf,Impuesto,Impuesto,Obligaciones
851,16-08-2025,19-08-2025,COMPRA POS RED ARBOL DE VIDA,220000.0,,5915622.2,08-Agosto.pdf,Psicologo,Psicologo,Salud
852,16-08-2025,19-08-2025,CARGO POR IMPUESTO 4X1.000,172.0,,5915450.2,08-Agosto.pdf,Impuesto,Impuesto,Obligaciones
853,16-08-2025,19-08-2025,COMPRA POS ASC HAMBURGUESAS EL C,42900.0,,5872550.2,08-Agosto.pdf,Corral,Comida,Gustos
854,17-08-2025,19-08-2025,CARGO POR IMPUESTO 4X1.000,95.0,,5872455.2,08-Agosto.pdf,Impuesto,Impuesto,Obligaciones
855,17-08-2025,19-08-2025,COMPRA POS ASC DLO*DiDi Food CO,23650.0,,5848805.2,08-Agosto.pdf,Didi,Aplicaciones,Gustos
856,18-08-2025,19-08-2025,CARGO POR IMPUESTO 4X1.000,114.0,,5848691.2,08-Agosto.pdf,Impuesto,Impuesto,Obligaciones
857,18-08-2025,19-08-2025,COMPRA POS RED H07 CREPESYWAFFLE,28600.0,,5820091.2,08-Agosto.pdf,Crepes y Waffle,Comida,Gustos
858,18-08-2025,19-08-2025,CARGO POR IMPUESTO 4X1.000,200.0,,5819891.2,08-Agosto.pdf,Impuesto,Impuesto,Obligaciones
859,18-08-2025,19-08-2025,RETIRO EN CAJERO BBVA HAYUELOS,50000.0,,5769891.2,08-Agosto.pdf,Retiro Cajero,Retiro Cajero,Otro
860,18-08-2025,19-08-2025,CARGO POR IMPUESTO 4X1.000,78.0,,5769813.2,08-Agosto.pdf,Impuesto,Impuesto,Obligaciones
861,18-08-2025,19-08-2025,COMPRA POS ASC DLO*Didi,19500.0,,5750313.2,08-Agosto.pdf,Didi,Aplicaciones,Gustos
862,19-08-2025,19-08-2025,CARGO POR IMPUESTO 4X1.000,94.0,,5750219.2,08-Agosto.pdf,Impuesto,Impuesto,Obligaciones
863,19-08-2025,19-08-2025,COMPRA POS ASC DLO*DiDi Food CO,23600.0,,5726619.2,08-Agosto.pdf,Didi,Aplicaciones,Gustos
864,19-08-2025,19-08-2025,CARGO POR IMPUESTO 4X1.000,30.0,,5726589.2,08-Agosto.pdf,Impuesto,Impuesto,Obligaciones
865,19-08-2025,19-08-2025,COMPRA POS ASC TDA DE CAFE JUAN,7500.0,,5719089.2,08-Agosto.pdf,Juan Valdez,Cafe,Gustos
866,19-08-2025,20-08-2025,CARGO POR IMPUESTO 4X1.000,120.0,,5718969.2,08-Agosto.pdf,Impuesto,Impuesto,Obligaciones
867,19-08-2025,20-08-2025,COMPRA POS RED SALCHIMONSTER CED,29900.0,,5689069.2,08-Agosto.pdf,Salchimonster,Comida,Gustos
868,20-08-2025,20-08-2025,CARGO POR IMPUESTO 4X1.000,171.0,,5688898.2,08-Agosto.pdf,Impuesto,Impuesto,Obligaciones
869,20-08-2025,20-08-2025,COMPRA POS ASC DLO*DiDi Food CO,42836.0,,5646062.2,08-Agosto.pdf,Didi,Aplicaciones,Gustos
870,20-08-2025,20-08-2025,CARGO POR IMPUESTO 4X1.000,401.0,,5645661.2,08-Agosto.pdf,Impuesto,Impuesto,Obligaciones
871,20-08-2025,20-08-2025,PAGO PSE COMERCIO O FACTURA ENLACE DE APLICATIVO,100210.0,,5545451.2,08-Agosto.pdf,Otro,Otro,Otro
872,21-08-2025,21-08-2025,CARGO POR IMPUESTO 4X1.000,80.0,,5545371.2,08-Agosto.pdf,Impuesto,Impuesto,Obligaciones
873,21-08-2025,21-08-2025,COMPRA POS ASC DLO*DiDi Food CO,19970.0,,5525401.2,08-Agosto.pdf,Didi,Aplicaciones,Gustos
874,21-08-2025,22-08-2025,CARGO POR IMPUESTO 4X1.000,116.0,,5525285.2,08-Agosto.pdf,Impuesto,Impuesto,Obligaciones
875,21-08-2025,22-08-2025,COMPRA POS ASC LUPIS MARIA MARRI,29000.0,,5496285.2,08-Agosto.pdf,Otro,Otro,Otro
876,22-08-2025,22-08-2025,CARGO POR IMPUESTO 4X1.000,15.0,,5496270.2,08-Agosto.pdf,Impuesto,Impuesto,Obligaciones
877,22-08-2025,22-08-2025,COMPRA POS RED NOVAVENTA BOG COD,3800.0,,5492470.2,08-Agosto.pdf,Novaventa,Otro,Otro
878,23-08-2025,25-08-2025,CARGO POR IMPUESTO 4X1.000,142.0,,5492328.2,08-Agosto.pdf,Impuesto,Impuesto,Obligaciones
879,23-08-2025,25-08-2025,COMPRA POS ASC FRUTITOS,35500.0,,5456828.2,08-Agosto.pdf,Ensalada de fruta,Comida,Gustos
880,24-08-2025,25-08-2025,CARGO POR IMPUESTO 4X1.000,88.0,,5456740.2,08-Agosto.pdf,Impuesto,Impuesto,Obligaciones
881,24-08-2025,25-08-2025,PAGO PSE COMERCIO O FACTURA ENLACE DE APLICATIVO,22000.0,,5434740.2,08-Agosto.pdf,Otro,Otro,Otro
882,24-08-2025,25-08-2025,CARGO POR IMPUESTO 4X1.000,51.0,,5434689.2,08-Agosto.pdf,Impuesto,Impuesto,Obligaciones
883,24-08-2025,25-08-2025,COMPRA POS ASC OXXO SANTA MATILD,12800.0,,5421889.2,08-Agosto.pdf,OXXO,Comida,Gustos
884,24-08-2025,25-08-2025,CARGO POR IMPUESTO 4X1.000,36.0,,5421853.2,08-Agosto.pdf,Impuesto,Impuesto,Obligaciones
885,24-08-2025,25-08-2025,COMPRA POS ASC DLO*GOOGLE Google,8900.0,,5412953.2,08-Agosto.pdf,Servicio Google,Servicio Google,Otro
886,25-08-2025,25-08-2025,CARGO POR IMPUESTO 4X1.000,103.0,,5412850.2,08-Agosto.pdf,Impuesto,Impuesto,Obligaciones
887,25-08-2025,25-08-2025,COMPRA POS ASC DLO*DiDi Food CO,25723.0,,5387127.2,08-Agosto.pdf,Didi,Aplicaciones,Gustos
888,25-08-2025,25-08-2025,CARGO POR IMPUESTO 4X1.000,240.0,,5386887.2,08-Agosto.pdf,Impuesto,Impuesto,Obligaciones
889,25-08-2025,25-08-2025,COMPRA POS ASC Mercado Pago*MERC,60000.0,,5326887.2,08-Agosto.pdf,Otro,Otro,Otro
890,25-08-2025,26-08-2025,CARGO POR IMPUESTO 4X1.000,91.0,,5326796.2,08-Agosto.pdf,Impuesto,Impuesto,Obligaciones
891,25-08-2025,26-08-2025,COMPRA POS ASC OXXO CEDRO,22800.0,,5303996.2,08-Agosto.pdf,OXXO,Comida,Gustos
892,25-08-2025,26-08-2025,CARGO POR IMPUESTO 4X1.000,2916.0,,5301080.2,08-Agosto.pdf,Impuesto,Impuesto,Obligaciones
893,25-08-2025,26-08-2025,PAGO PSE COMERCIO O FACTURA ENLACE DE APLICATIVO,729000.0,,4572080.2,08-Agosto.pdf,Otro,Otro,Otro
894,28-08-2025,28-08-2025,ABONO DOMI. 860031028 CENTRO CORPORATIVO,,3924752.0,8496832.2,08-Agosto.pdf,Otro,Otro,Otro
895,28-08-2025,28-08-2025,CARGO POR IMPUESTO 4X1.000,106.0,,8496726.2,08-Agosto.pdf,Impuesto,Impuesto,Obligaciones
896,28-08-2025,28-08-2025,COMPRA POS ASC DLO*DiDi Food CO,26448.0,,8470278.2,08-Agosto.pdf,Didi,Aplicaciones,Gustos
897,28-08-2025,28-08-2025,CARGO POR IMPUESTO 4X1.000,135.0,,8470143.2,08-Agosto.pdf,Impuesto,Impuesto,Obligaciones
898,28-08-2025,28-08-2025,COMPRA POS ASC TDA D CAFE JUAN V,33800.0,,8436343.2,08-Agosto.pdf,Juan Valdez,Cafe,Gustos
899,29-08-2025,31-08-2025,ABONO POR INTERESES DE CUENTA,,66.0,8436409.2,08-Agosto.pdf,Otro,Otro,Otro
